Workbook

Sheet SingleBerryFW
A1: SimulationName | B1: Clock.Today | C1: Clock.Today.Year | D1: DOY | E1: Location | F1: KiwiFruit.Fruit.SingleBerryFW | G1: KiwiFruit.Fruit.MaxSingleBerryFW | H1: KiwiFruit.Phenology.CurrentStageName | I1: KiwiFruit.Phenology.FullBloomDOY
A2: TPHW2016_2024 | B2: 44603 | C2: 2022 | D2: =B2-DATE(YEAR(B2),1,0) -> 42 | E2: Te Puke | F2: 65.7
A3: TPHW2016_2024 | B3: 44608 | C3: 2022 | D3: =B3-DATE(YEAR(B3),1,0) -> 47 | E3: Te Puke | F3: 77
A4: TPHW2016_2024 | B4: 44622 | C4: 2022 | D4: =B4-DATE(YEAR(B4),1,0) -> 61 | E4: Te Puke | F4: 108.9
A5: TPHW2016_2024 | B5: 44636 | C5: 2022 | D5: =B5-DATE(YEAR(B5),1,0) -> 75 | E5: Te Puke | F5: 87.8
A6: TPHW2016_2024 | B6: 44650 | C6: 2022 | D6: =B6-DATE(YEAR(B6),1,0) -> 89 | E6: Te Puke | F6: 92
A7: TPHW2016_2024 | B7: 44664 | C7: 2022 | D7: =B7-DATE(YEAR(B7),1,0) -> 103 | E7: Te Puke | F7: 100
A8: TPHW2016_2024 | B8: 44672 | C8: 2022 | D8: =B8-DATE(YEAR(B8),1,0) -> 111 | E8: Te Puke | F8: 102.7
A9: TPHW2016_2024 | B9: 44680 | C9: 2022 | D9: =B9-DATE(YEAR(B9),1,0) -> 119 | E9: Te Puke | F9: 102.5
A10: TPHW2016_2024 | B10: 44685 | C10: 2022 | D10: =B10-DATE(YEAR(B10),1,0) -> 124 | E10: Te Puke | F10: 105.9
A11: TPHW2016_2024 | B11: 44699 | C11: 2022 | D11: =B11-DATE(YEAR(B11),1,0) -> 138 | E11: Te Puke | F11: 110.1
A12: TPHW2016_2024 | B12: 44713 | C12: 2022 | D12: =B12-DATE(YEAR(B12),1,0) -> 152 | E12: Te Puke | F12: 108.5
A13: TPHW2016_2024 | B13: 44952 | C13: 2023 | D13: =B13-DATE(YEAR(B13),1,0) -> 26 | E13: Te Puke | F13: 67.4
... A89: TPHW2016_2024 | B89: 45453 | C89: 2024 | D89: =B89-DATE(YEAR(B89),1,0) -> 162 | E89: Te Puke | F89: 114.5
A90: TPHW2016_2024 | B90: 44595 | C90: =YEAR((B90)) -> 2022 | D90: =B90-DATE(YEAR(B90),1,0) -> 34 | E90: Te Puke | F90: 69.6
A91: TPHW2016_2024 | B91: 44608 | C91: =YEAR((B91)) -> 2022 | D91: =B91-DATE(YEAR(B91),1,0) -> 47 | E91: Te Puke | F91: 80.2
A92: TPHW2016_2024 | B92: 44622 | C92: =YEAR((B92)) -> 2022 | D92: =B92-DATE(YEAR(B92),1,0) -> 61 | E92: Te Puke | F92: 85.8
A93: TPHW2016_2024 | B93: 44636 | C93: =YEAR((B93)) -> 2022 | D93: =B93-DATE(YEAR(B93),1,0) -> 75 | E93: Te Puke | F93: 96.4
A94: TPHW2016_2024 | B94: 44650 | C94: =YEAR((B94)) -> 2022 | D94: =B94-DATE(YEAR(B94),1,0) -> 89 | E94: Te Puke | F94: 106.7
A95: TPHW2016_2024 | B95: 44664 | C95: =YEAR((B95)) -> 2022 | D95: =B95-DATE(YEAR(B95),1,0) -> 103 | E95: Te Puke | F95: 114
A96: TPHW2016_2024 | B96: 44673 | C96: =YEAR((B96)) -> 2022 | D96: =B96-DATE(YEAR(B96),1,0) -> 112 | E96: Te Puke | F96: 111.3
A97: TPHW2016_2024 | B97: 44680 | C97: =YEAR((B97)) -> 2022 | D97: =B97-DATE(YEAR(B97),1,0) -> 119 | E97: Te Puke | F97: 109.8
A98: TPHW2016_2024 | B98: 44685 | C98: =YEAR((B98)) -> 2022 | D98: =B98-DATE(YEAR(B98),1,0) -> 124 | E98: Te Puke | F98: 112.7
A99: TPHW2016_2024 | B99: 44699 | C99: =YEAR((B99)) -> 2022 | D99: =B99-DATE(YEAR(B99),1,0) -> 138 | E99: Te Puke | F99: 115.6
A100: TPHW2016_2024 | B100: 44713 | C100: =YEAR((B100)) -> 2022 | D100: =B100-DATE(YEAR(B100),1,0) -> 152 | E100: Te Puke | F100: 117.9
A101: TPHW2016_2024 | B101: 44950 | C101: =YEAR((B101)) -> 2023 | D101: =B101-DATE(YEAR(B101),1,0) -> 24 | E101: Te Puke | F101: 63.7
... A122: TPHW2016_2024 | B122: 45453 | C122: =YEAR((B122)) -> 2024 | D122: =B122-DATE(YEAR(B122),1,0) -> 162 | E122: Te Puke | F122: 99.8
A123: TPHW2016_2024 | B123: 44595 | C123: =YEAR(B123) -> 2022 | D123: =B123-DATE(YEAR(B123),1,0) -> 34 | E123: Te Puke | F123: 83.4
A124: TPHW2016_2024 | B124: 44608 | C124: =YEAR(B124) -> 2022 | D124: =B124-DATE(YEAR(B124),1,0) -> 47 | E124: Te Puke | F124: 94.3
A125: TPHW2016_2024 | B125: 44622 | C125: =YEAR(B125) -> 2022 | D125: =B125-DATE(YEAR(B125),1,0) -> 61 | E125: Te Puke | F125: 102.9
A126: TPHW2016_2024 | B126: 44636 | C126: =YEAR(B126) -> 2022 | D126: =B126-DATE(YEAR(B126),1,0) -> 75 | E126: Te Puke | F126: 104
A127: TPHW2016_2024 | B127: 44650 | C127: =YEAR(B127) -> 2022 | D127: =B127-DATE(YEAR(B127),1,0) -> 89 | E127: Te Puke | F127: 113.4
A128: TPHW2016_2024 | B128: 44664 | C128: =YEAR(B128) -> 2022 | D128: =B128-DATE(YEAR(B128),1,0) -> 103 | E128: Te Puke | F128: 125.8
A129: TPHW2016_2024 | B129: 44672 | C129: =YEAR(B129) -> 2022 | D129: =B129-DATE(YEAR(B129),1,0) -> 111 | E129: Te Puke | F129: 132.9
A130: TPHW2016_2024 | B130: 44680 | C130: =YEAR(B130) -> 2022 | D130: =B130-DATE(YEAR(B130),1,0) -> 119 | E130: Te Puke | F130: 139.8
A131: TPHW2016_2024 | B131: 44685 | C131: =YEAR(B131) -> 2022 | D131: =B131-DATE(YEAR(B131),1,0) -> 124 | E131: Te Puke | F131: 135.1
A132: TPHW2016_2024 | B132: 44699 | C132: =YEAR(B132) -> 2022 | D132: =B132-DATE(YEAR(B132),1,0) -> 138 | E132: Te Puke | F132: 138.1
A133: TPHW2016_2024 | B133: 44713 | C133: =YEAR(B133) -> 2022 | D133: =B133-DATE(YEAR(B133),1,0) -> 152 | E133: Te Puke | F133: 142
A134: TPHW2016_2024 | B134: 44952 | C134: =YEAR(B134) -> 2023 | D134: =B134-DATE(YEAR(B134),1,0) -> 26 | E134: Te Puke | F134: 61.4
... A612: KKHW2020_2024 | B612: 45454 | C612: =YEAR(B612) -> 2024 | D612: =B612-DATE(YEAR(B612),1,0) -> 163 | E612: Kerikeri | F612: 104.6
A614: TPHW2016 | B614: 42387 | C614: 2016 | D614: =B614-DATE(YEAR(B614),1,0) -> 18 | E614: Te Puke | F614: 59.6 | G614: =F614 -> 59.6 | I614: =DATEDIF(DATE(YEAR(M614),1,0),M614,"d")+1 -> 327 | M614: 42330
A615: TPHW2016 | B615: 42387 | C615: 2016 | D615: =B615-DATE(YEAR(B615),1,0) -> 18 | E615: Te Puke | F615: 58.3 | G615: =F615 -> 58.3 | I615: =DATEDIF(DATE(YEAR(M615),1,0),M615,"d")+1 -> 334 | M615: 42337
A616: TPHW2016 | B616: 42423 | C616: 2016 | D616: =B616-DATE(YEAR(B616),1,0) -> 54 | E616: Te Puke | F616: 74.4 | G616: =F616 -> 74.4 | I616: =DATEDIF(DATE(YEAR(M616),1,0),M616,"d")+1 -> 331 | M616: 42334
A617: TPHW2016 | B617: 42423 | C617: 2016 | D617: =B617-DATE(YEAR(B617),1,0) -> 54 | E617: Te Puke | F617: 85.7 | G617: =F617 -> 85.7 | I617: =DATEDIF(DATE(YEAR(M617),1,0),M617,"d")+1 -> 333 | M617: 42336
A618: TPHW2016 | B618: 42437 | C618: 2016 | D618: =B618-DATE(YEAR(B618),1,0) -> 68 | E618: Te Puke | F618: 79.4 | G618: =F618 -> 79.4 | I618: =DATEDIF(DATE(YEAR(M618),1,0),M618,"d")+1 -> 331 | M618: 42334
A619: TPHW2016 | B619: 42437 | C619: 2016 | D619: =B619-DATE(YEAR(B619),1,0) -> 68 | E619: Te Puke | F619: 92.4 | G619: =F619 -> 92.4 | I619: =DATEDIF(DATE(YEAR(M619),1,0),M619,"d")+1 -> 336 | M619: 42339
A620: TPHW2016 | B620: 42451 | C620: 2016 | D620: =B620-DATE(YEAR(B620),1,0) -> 82 | E620: Te Puke | F620: 91.9 | G620: =F620 -> 91.9 | I620: =DATEDIF(DATE(YEAR(M620),1,0),M620,"d")+1 -> 330 | M620: 42333
A621: TPHW2016 | B621: 42451 | C621: 2016 | D621: =B621-DATE(YEAR(B621),1,0) -> 82 | E621: Te Puke | F621: 101.1 | G621: =F621 -> 101.1 | I621: =DATEDIF(DATE(YEAR(M621),1,0),M621,"d")+1 -> 331 | M621: 42334
A622: TPHW2016 | B622: 42466 | C622: 2016 | D622: =B622-DATE(YEAR(B622),1,0) -> 97 | E622: Te Puke | F622: 94.9 | G622: =F622 -> 94.9 | I622: =DATEDIF(DATE(YEAR(M622),1,0),M622,"d")+1 -> 336 | M622: 42339
A623: TPHW2016 | B623: 42467 | C623: 2016 | D623: =B623-DATE(YEAR(B623),1,0) -> 98 | E623: Te Puke | F623: 113.4 | G623: =F623 -> 113.4 | I623: =DATEDIF(DATE(YEAR(M623),1,0),M623,"d")+1 -> 327 | M623: 42330
A624: TPHW2016 | B624: 42474 | C624: 2016 | D624: =B624-DATE(YEAR(B624),1,0) -> 105 | E624: Te Puke | F624: 115.3 | G624: =F624 -> 115.3 | I624: =DATEDIF(DATE(YEAR(M624),1,0),M624,"d")+1 -> 334 | M624: 42337
A625: TPHW2016 | B625: 42475 | C625: 2016 | D625: =B625-DATE(YEAR(B625),1,0) -> 106 | E625: Te Puke | F625: 101.2 | G625: =F625 -> 101.2 | I625: =DATEDIF(DATE(YEAR(M625),1,0),M625,"d")+1 -> 331 | M625: 42334
... A629: TPHW2016 | B629: 42486 | C629: 2016 | D629: =B629-DATE(YEAR(B629),1,0) -> 117 | E629: Te Puke | F629: 115.3 | G629: =F629 -> 115.3 | I629: =DATEDIF(DATE(YEAR(M629),1,0),M629,"d")+1 -> 336 | M629: 42339
A630: TPHW2016 | B630: 42493 | C630: 2016 | D630: =B630-DATE(YEAR(B630),1,0) -> 124 | E630: Te Puke | F630: 105.7 | G630: =Calculations!D2 -> 110.65584 | H630: FruitMature | I630: =DATEDIF(DATE(YEAR(M630),1,0),M630,"d")+1 -> 330 | M630: 42333
A631: TPHW2016 | B631: 42493 | C631: 2016 | D631: =B631-DATE(YEAR(B631),1,0) -> 124 | E631: Te Puke | F631: 122.2 | G631: =F631 -> 122.2 | I631: =DATEDIF(DATE(YEAR(M631),1,0),M631,"d")+1 -> 327 | M631: 42330
A632: TPHW2016 | B632: 42510 | C632: 2016 | D632: =B632-DATE(YEAR(B632),1,0) -> 141 | E632: Te Puke | F632: 106.7 | G632: =F632 -> 106.7 | I632: =DATEDIF(DATE(YEAR(M632),1,0),M632,"d")+1 -> 334 | M632: 42337
A633: TPHW2016 | B633: 42510 | C633: 2016 | D633: =B633-DATE(YEAR(B633),1,0) -> 141 | E633: Te Puke | F633: 123.3 | G633: =F633 -> 123.3 | I633: =DATEDIF(DATE(YEAR(M633),1,0),M633,"d")+1 -> 331 | M633: 42334
A634: TPHW2016 | B634: 42521 | C634: 2016 | D634: =B634-DATE(YEAR(B634),1,0) -> 152 | E634: Te Puke | F634: 103.3 | G634: =F634 -> 103.3 | I634: =DATEDIF(DATE(YEAR(M634),1,0),M634,"d")+1 -> 333 | M634: 42336
A635: TPHW2016 | B635: 42521 | C635: 2016 | D635: =B635-DATE(YEAR(B635),1,0) -> 152 | E635: Te Puke | F635: 122.6 | G635: =F635 -> 122.6 | I635: =DATEDIF(DATE(YEAR(M635),1,0),M635,"d")+1 -> 331 | M635: 42334
A636: TPHW2016 | B636: 42535 | C636: 2016 | D636: =B636-DATE(YEAR(B636),1,0) -> 166 | E636: Te Puke | F636: 106.7 | G636: =F636 -> 106.7 | I636: =DATEDIF(DATE(YEAR(M636),1,0),M636,"d")+1 -> 336 | M636: 42339
A637: TPHW2016 | B637: 42535 | C637: 2016 | D637: =B637-DATE(YEAR(B637),1,0) -> 166 | E637: Te Puke | F637: 118.4 | G637: =F637 -> 118.4 | I637: =DATEDIF(DATE(YEAR(M637),1,0),M637,"d")+1 -> 327 | M637: 42330
A638: TPHW2016 | B638: 42386 | C638: 2016 | D638: =B638-DATE(YEAR(B638),1,0) -> 17 | E638: Te Puke | F638: 56.9 | G638: =F638 -> 56.9 | I638: =DATEDIF(DATE(YEAR(M638),1,0),M638,"d")+1 -> 334 | M638: 42337
A639: TPHW2016 | B639: 42424 | C639: 2016 | D639: =B639-DATE(YEAR(B639),1,0) -> 55 | E639: Te Puke | F639: 81.2 | G639: =F639 -> 81.2 | I639: =DATEDIF(DATE(YEAR(M639),1,0),M639,"d")+1 -> 331 | M639: 42334
A640: TPHW2016 | B640: 42439 | C640: 2016 | D640: =B640-DATE(YEAR(B640),1,0) -> 70 | E640: Te Puke | F640: 94.7 | G640: =F640 -> 94.7 | I640: =DATEDIF(DATE(YEAR(M640),1,0),M640,"d")+1 -> 333 | M640: 42336
A641: TPHW2016 | B641: 42452 | C641: 2016 | D641: =B641-DATE(YEAR(B641),1,0) -> 83 | E641: Te Puke | F641: 97.8 | G641: =F641 -> 97.8 | I641: =DATEDIF(DATE(YEAR(M641),1,0),M641,"d")+1 -> 330 | M641: 42333
A642: TPHW2016 | B642: 42467 | C642: 2016 | D642: =B642-DATE(YEAR(B642),1,0) -> 98 | E642: Te Puke | F642: 109.2 | G642: =F642 -> 109.2 | I642: =DATEDIF(DATE(YEAR(M642),1,0),M642,"d")+1 -> 331 | M642: 42334
... A712: TPHW2017 | B712: 42853 | C712: 2017 | D712: =B712-DATE(YEAR(B712),1,0) -> 118 | E712: Te Puke | F712: 124.6 | G712: =F712 -> 124.6 | I712: =DATEDIF(DATE(YEAR(M712),1,0),M712,"d")+1 -> 340 | M712: 42708
A713: TPHW2017 | B713: 42858 | C713: 2017 | D713: =B713-DATE(YEAR(B713),1,0) -> 123 | E713: Te Puke | F713: 120.5 | G713: =Calculations!D3 -> 119.78252 | H713: FruitMature | I713: =DATEDIF(DATE(YEAR(M713),1,0),M713,"d")+1 -> 328 | M713: 42696
A714: TPHW2017 | B714: 42858 | C714: 2017 | D714: =B714-DATE(YEAR(B714),1,0) -> 123 | E714: Te Puke | F714: 109.1 | G714: =F714 -> 109.1 | I714: =DATEDIF(DATE(YEAR(M714),1,0),M714,"d")+1 -> 325 | M714: 42693
A715: TPHW2017 | B715: 42871 | C715: 2017 | D715: =B715-DATE(YEAR(B715),1,0) -> 136 | E715: Te Puke | F715: 123.6 | G715: =F715 -> 123.6 | I715: =DATEDIF(DATE(YEAR(M715),1,0),M715,"d")+1 -> 324 | M715: 42692
A716: TPHW2017 | B716: 42871 | C716: 2017 | D716: =B716-DATE(YEAR(B716),1,0) -> 136 | E716: Te Puke | F716: 117.7 | G716: =F716 -> 117.7 | I716: =DATEDIF(DATE(YEAR(M716),1,0),M716,"d")+1 -> 325 | M716: 42693
A717: TPHW2017 | B717: 42885 | C717: 2017 | D717: =B717-DATE(YEAR(B717),1,0) -> 150 | E717: Te Puke | F717: 121.5 | G717: =F717 -> 121.5 | I717: =DATEDIF(DATE(YEAR(M717),1,0),M717,"d")+1 -> 333 | M717: 42701
A718: TPHW2017 | B718: 42885 | C718: 2017 | D718: =B718-DATE(YEAR(B718),1,0) -> 150 | E718: Te Puke | F718: 118.8 | G718: =F718 -> 118.8 | I718: =DATEDIF(DATE(YEAR(M718),1,0),M718,"d")+1 -> 330 | M718: 42698
A719: TPHW2017 | B719: 42893 | C719: 2017 | D719: =B719-DATE(YEAR(B719),1,0) -> 158 | E719: Te Puke | F719: 122.4 | G719: =F719 -> 122.4 | I719: =DATEDIF(DATE(YEAR(M719),1,0),M719,"d")+1 -> 340 | M719: 42708
A720: TPHW2017 | B720: 42893 | C720: 2017 | D720: =B720-DATE(YEAR(B720),1,0) -> 158 | E720: Te Puke | F720: 113 | G720: =F720 -> 113 | I720: =DATEDIF(DATE(YEAR(M720),1,0),M720,"d")+1 -> 325 | M720: 42693
A721: TPHW2017 | B721: 42907 | C721: 2017 | D721: =B721-DATE(YEAR(B721),1,0) -> 172 | E721: Te Puke | F721: 115.9 | G721: =F721 -> 115.9 | I721: =DATEDIF(DATE(YEAR(M721),1,0),M721,"d")+1 -> 324 | M721: 42692
A722: TPHW2017 | B722: 42907 | C722: 2017 | D722: =B722-DATE(YEAR(B722),1,0) -> 172 | E722: Te Puke | F722: 117.7 | G722: =F722 -> 117.7 | I722: =DATEDIF(DATE(YEAR(M722),1,0),M722,"d")+1 -> 328 | M722: 42696
A723: TPHW2017 | B723: 42753 | C723: 2017 | D723: =B723-DATE(YEAR(B723),1,0) -> 18 | E723: Te Puke | F723: 63.8 | G723: =F723 -> 63.8 | I723: =DATEDIF(DATE(YEAR(M723),1,0),M723,"d")+1 -> 325 | M723: 42693
A724: TPHW2017 | B724: 42789 | C724: 2017 | D724: =B724-DATE(YEAR(B724),1,0) -> 54 | E724: Te Puke | F724: 92.9 | G724: =F724 -> 92.9 | I724: =DATEDIF(DATE(YEAR(M724),1,0),M724,"d")+1 -> 333 | M724: 42701
A725: TPHW2017 | B725: 42804 | C725: 2017 | D725: =B725-DATE(YEAR(B725),1,0) -> 69 | E725: Te Puke | F725: 102.8 | G725: =F725 -> 102.8 | I725: =DATEDIF(DATE(YEAR(M725),1,0),M725,"d")+1 -> 330 | M725: 42698
... A801: TPHW2018 | B801: 43215 | C801: 2018 | D801: =B801-DATE(YEAR(B801),1,0) -> 115 | E801: Te Puke | F801: 106.4 | G801: =F801 -> 106.4 | I801: =DATEDIF(DATE(YEAR(M801),1,0),M801,"d")+1 -> 326 | M801: 43060
A802: TPHW2018 | B802: 43221 | C802: 2018 | D802: =B802-DATE(YEAR(B802),1,0) -> 121 | E802: Te Puke | F802: 117.6 | G802: =Calculations!D4 -> 109.14849 | H802: FruitMature | I802: =DATEDIF(DATE(YEAR(M802),1,0),M802,"d")+1 -> 331 | M802: 43065
A803: TPHW2018 | B803: 43221 | C803: 2018 | D803: =B803-DATE(YEAR(B803),1,0) -> 121 | E803: Te Puke | F803: 109 | G803: =F803 -> 109 | I803: =DATEDIF(DATE(YEAR(M803),1,0),M803,"d")+1 -> 327 | M803: 43061
A804: TPHW2018 | B804: 43235 | C804: 2018 | D804: =B804-DATE(YEAR(B804),1,0) -> 135 | E804: Te Puke | F804: 115.1 | G804: =F804 -> 115.1 | I804: =DATEDIF(DATE(YEAR(M804),1,0),M804,"d")+1 -> 336 | M804: 43070
A805: TPHW2018 | B805: 43235 | C805: 2018 | D805: =B805-DATE(YEAR(B805),1,0) -> 135 | E805: Te Puke | F805: 108.3 | G805: =F805 -> 108.3 | I805: =DATEDIF(DATE(YEAR(M805),1,0),M805,"d")+1 -> 330 | M805: 43064
A806: TPHW2018 | B806: 43249 | C806: 2018 | D806: =B806-DATE(YEAR(B806),1,0) -> 149 | E806: Te Puke | F806: 114.4 | G806: =F806 -> 114.4 | I806: =DATEDIF(DATE(YEAR(M806),1,0),M806,"d")+1 -> 334 | M806: 43068
A807: TPHW2018 | B807: 43249 | C807: 2018 | D807: =B807-DATE(YEAR(B807),1,0) -> 149 | E807: Te Puke | F807: 105.5 | G807: =F807 -> 105.5 | I807: =DATEDIF(DATE(YEAR(M807),1,0),M807,"d")+1 -> 331 | M807: 43065
A808: TPHW2018 | B808: 43116 | C808: 2018 | D808: =B808-DATE(YEAR(B808),1,0) -> 16 | E808: Te Puke | F808: 61.5 | G808: =F808 -> 61.5 | I808: =DATEDIF(DATE(YEAR(M808),1,0),M808,"d")+1 -> 326 | M808: 43060
A809: TPHW2018 | B809: 43151 | C809: 2018 | D809: =B809-DATE(YEAR(B809),1,0) -> 51 | E809: Te Puke | F809: 82.5 | G809: =F809 -> 82.5 | I809: =DATEDIF(DATE(YEAR(M809),1,0),M809,"d")+1 -> 331 | M809: 43065
A810: TPHW2018 | B810: 43165 | C810: 2018 | D810: =B810-DATE(YEAR(B810),1,0) -> 65 | E810: Te Puke | F810: 93.7 | G810: =F810 -> 93.7 | I810: =DATEDIF(DATE(YEAR(M810),1,0),M810,"d")+1 -> 327 | M810: 43061
A811: TPHW2018 | B811: 43179 | C811: 2018 | D811: =B811-DATE(YEAR(B811),1,0) -> 79 | E811: Te Puke | F811: 95.8 | G811: =F811 -> 95.8 | I811: =DATEDIF(DATE(YEAR(M811),1,0),M811,"d")+1 -> 336 | M811: 43070
A812: TPHW2018 | B812: 43194 | C812: 2018 | D812: =B812-DATE(YEAR(B812),1,0) -> 94 | E812: Te Puke | F812: 105.4 | G812: =F812 -> 105.4 | I812: =DATEDIF(DATE(YEAR(M812),1,0),M812,"d")+1 -> 330 | M812: 43064
A813: TPHW2018 | B813: 43201 | C813: 2018 | D813: =B813-DATE(YEAR(B813),1,0) -> 101 | E813: Te Puke | F813: 106.4 | G813: =F813 -> 106.4 | I813: =DATEDIF(DATE(YEAR(M813),1,0),M813,"d")+1 -> 334 | M813: 43068
A814: TPHW2018 | B814: 43209 | C814: 2018 | D814: =B814-DATE(YEAR(B814),1,0) -> 109 | E814: Te Puke | F814: 108.9 | G814: =F814 -> 108.9 | I814: =DATEDIF(DATE(YEAR(M814),1,0),M814,"d")+1 -> 331 | M814: 43065
... A869: TPHW2019 | B869: 43570 | C869: 2019 | D869: =B869-DATE(YEAR(B869),1,0) -> 105 | E869: Te Puke | F869: 104.2 | G869: =F869 -> 104.2 | I869: =DATEDIF(DATE(YEAR(M869),1,0),M869,"d")+1 -> 324 | M869: 43423
A870: TPHW2019 | B870: 43577 | C870: 2019 | D870: =B870-DATE(YEAR(B870),1,0) -> 112 | E870: Te Puke | F870: 100.3 | G870: =Calculations!D5 -> 102.9655 | H870: FruitMature | I870: =DATEDIF(DATE(YEAR(M870),1,0),M870,"d")+1 -> 329 | M870: 43428
A871: TPHW2019 | B871: 43584 | C871: 2019 | D871: =B871-DATE(YEAR(B871),1,0) -> 119 | E871: Te Puke | F871: 93.8 | G871: =F871 -> 93.8 | I871: =DATEDIF(DATE(YEAR(M871),1,0),M871,"d")+1 -> 325 | M871: 43424
A872: TPHW2019 | B872: 43613 | C872: 2019 | D872: =B872-DATE(YEAR(B872),1,0) -> 148 | E872: Te Puke | F872: 105.9 | G872: =F872 -> 105.9 | I872: =DATEDIF(DATE(YEAR(M872),1,0),M872,"d")+1 -> 325 | M872: 43424
A873: TPHW2019 | B873: 43479 | C873: 2019 | D873: =B873-DATE(YEAR(B873),1,0) -> 14 | E873: Te Puke | F873: 56.6 | G873: =F873 -> 56.6 | I873: =DATEDIF(DATE(YEAR(M873),1,0),M873,"d")+1 -> 333 | M873: 43432
A874: TPHW2019 | B874: 43515 | C874: 2019 | D874: =B874-DATE(YEAR(B874),1,0) -> 50 | E874: Te Puke | F874: 75.3 | G874: =F874 -> 75.3 | I874: =DATEDIF(DATE(YEAR(M874),1,0),M874,"d")+1 -> 331 | M874: 43430
...

Sheet SingleBerryDW
A1: SimulationName | B1: Clock.Today | C1: Clock.Today.Year | D1: DOY | E1: Location | F1: KiwiFruit.Fruit.SingleBerryDW | G1: KiwiFruit.Fruit.MaxSingleBerryDW | H1: KiwiFruit.Phenology.CurrentStageName
A2: TPHW2016_2024 | B2: 44603 | C2: 2022 | D2: =B2-DATE(YEAR(B2),1,0) -> 42 | E2: Te Puke | F2: 7.4898
A3: TPHW2016_2024 | B3: 44608 | C3: 2022 | D3: =B3-DATE(YEAR(B3),1,0) -> 47 | E3: Te Puke | F3: 10.318
A4: TPHW2016_2024 | B4: 44622 | C4: 2022 | D4: =B4-DATE(YEAR(B4),1,0) -> 61 | E4: Te Puke | F4: 12.7413
A5: TPHW2016_2024 | B5: 44636 | C5: 2022 | D5: =B5-DATE(YEAR(B5),1,0) -> 75 | E5: Te Puke | F5: 10.8872
A6: TPHW2016_2024 | B6: 44650 | C6: 2022 | D6: =B6-DATE(YEAR(B6),1,0) -> 89 | E6: Te Puke | F6: 13.892
A7: TPHW2016_2024 | B7: 44664 | C7: 2022 | D7: =B7-DATE(YEAR(B7),1,0) -> 103 | E7: Te Puke | F7: 15.2
A8: TPHW2016_2024 | B8: 44672 | C8: 2022 | D8: =B8-DATE(YEAR(B8),1,0) -> 111 | E8: Te Puke | F8: 16.432
A9: TPHW2016_2024 | B9: 44680 | C9: 2022 | D9: =B9-DATE(YEAR(B9),1,0) -> 119 | E9: Te Puke | F9: 16.5025
A10: TPHW2016_2024 | B10: 44685 | C10: 2022 | D10: =B10-DATE(YEAR(B10),1,0) -> 124 | E10: Te Puke | F10: 16.7322
A11: TPHW2016_2024 | B11: 44699 | C11: 2022 | D11: =B11-DATE(YEAR(B11),1,0) -> 138 | E11: Te Puke | F11: 17.0655
A12: TPHW2016_2024 | B12: 44713 | C12: 2022 | D12: =B12-DATE(YEAR(B12),1,0) -> 152 | E12: Te Puke | F12: 17.6855
A13: TPHW2016_2024 | B13: 44952 | C13: 2023 | D13: =B13-DATE(YEAR(B13),1,0) -> 26 | E13: Te Puke | F13: 6.3356
... A89: TPHW2016_2024 | B89: 45453 | C89: 2024 | D89: =B89-DATE(YEAR(B89),1,0) -> 162 | E89: Te Puke | F89: 20.4955
A90: TPHW2016_2024 | B90: 44595 | C90: =YEAR((B90)) -> 2022 | D90: =B90-DATE(YEAR(B90),1,0) -> 34 | E90: Te Puke | F90: 6.96
A91: TPHW2016_2024 | B91: 44608 | C91: =YEAR((B91)) -> 2022 | D91: =B91-DATE(YEAR(B91),1,0) -> 47 | E91: Te Puke | F91: 9.7844
A92: TPHW2016_2024 | B92: 44622 | C92: =YEAR((B92)) -> 2022 | D92: =B92-DATE(YEAR(B92),1,0) -> 61 | E92: Te Puke | F92: 12.0978
A93: TPHW2016_2024 | B93: 44636 | C93: =YEAR((B93)) -> 2022 | D93: =B93-DATE(YEAR(B93),1,0) -> 75 | E93: Te Puke | F93: 13.3996
A94: TPHW2016_2024 | B94: 44650 | C94: =YEAR((B94)) -> 2022 | D94: =B94-DATE(YEAR(B94),1,0) -> 89 | E94: Te Puke | F94: 18.3524
A95: TPHW2016_2024 | B95: 44664 | C95: =YEAR((B95)) -> 2022 | D95: =B95-DATE(YEAR(B95),1,0) -> 103 | E95: Te Puke | F95: 17.784
A96: TPHW2016_2024 | B96: 44673 | C96: =YEAR((B96)) -> 2022 | D96: =B96-DATE(YEAR(B96),1,0) -> 112 | E96: Te Puke | F96: 17.6967
A97: TPHW2016_2024 | B97: 44680 | C97: =YEAR((B97)) -> 2022 | D97: =B97-DATE(YEAR(B97),1,0) -> 119 | E97: Te Puke | F97: 19.3248
A98: TPHW2016_2024 | B98: 44685 | C98: =YEAR((B98)) -> 2022 | D98: =B98-DATE(YEAR(B98),1,0) -> 124 | E98: Te Puke | F98: 20.5114
A99: TPHW2016_2024 | B99: 44699 | C99: =YEAR((B99)) -> 2022 | D99: =B99-DATE(YEAR(B99),1,0) -> 138 | E99: Te Puke | F99: 20.4612
A100: TPHW2016_2024 | B100: 44713 | C100: =YEAR((B100)) -> 2022 | D100: =B100-DATE(YEAR(B100),1,0) -> 152 | E100: Te Puke | F100: 21.3399
A101: TPHW2016_2024 | B101: 44950 | C101: =YEAR((B101)) -> 2023 | D101: =B101-DATE(YEAR(B101),1,0) -> 24 | E101: Te Puke | F101: 5.733
... A122: TPHW2016_2024 | B122: 45453 | C122: =YEAR((B122)) -> 2024 | D122: =B122-DATE(YEAR(B122),1,0) -> 162 | E122: Te Puke | F122: 17.964
A123: TPHW2016_2024 | B123: 44595 | C123: =YEAR(B123) -> 2022 | D123: =B123-DATE(YEAR(B123),1,0) -> 34 | E123: Te Puke | F123: 8.0898
A124: TPHW2016_2024 | B124: 44608 | C124: =YEAR(B124) -> 2022 | D124: =B124-DATE(YEAR(B124),1,0) -> 47 | E124: Te Puke | F124: 10.7502
A125: TPHW2016_2024 | B125: 44622 | C125: =YEAR(B125) -> 2022 | D125: =B125-DATE(YEAR(B125),1,0) -> 61 | E125: Te Puke | F125: 13.1712
A126: TPHW2016_2024 | B126: 44636 | C126: =YEAR(B126) -> 2022 | D126: =B126-DATE(YEAR(B126),1,0) -> 75 | E126: Te Puke | F126: 12.584
A127: TPHW2016_2024 | B127: 44650 | C127: =YEAR(B127) -> 2022 | D127: =B127-DATE(YEAR(B127),1,0) -> 89 | E127: Te Puke | F127: 16.5564
A128: TPHW2016_2024 | B128: 44664 | C128: =YEAR(B128) -> 2022 | D128: =B128-DATE(YEAR(B128),1,0) -> 103 | E128: Te Puke | F128: 18.1152
A129: TPHW2016_2024 | B129: 44672 | C129: =YEAR(B129) -> 2022 | D129: =B129-DATE(YEAR(B129),1,0) -> 111 | E129: Te Puke | F129: 19.6692
A130: TPHW2016_2024 | B130: 44680 | C130: =YEAR(B130) -> 2022 | D130: =B130-DATE(YEAR(B130),1,0) -> 119 | E130: Te Puke | F130: 20.5506
A131: TPHW2016_2024 | B131: 44685 | C131: =YEAR(B131) -> 2022 | D131: =B131-DATE(YEAR(B131),1,0) -> 124 | E131: Te Puke | F131: 19.7246
A132: TPHW2016_2024 | B132: 44699 | C132: =YEAR(B132) -> 2022 | D132: =B132-DATE(YEAR(B132),1,0) -> 138 | E132: Te Puke | F132: 21.8198
A133: TPHW2016_2024 | B133: 44713 | C133: =YEAR(B133) -> 2022 | D133: =B133-DATE(YEAR(B133),1,0) -> 152 | E133: Te Puke | F133: 22.72
A134: TPHW2016_2024 | B134: 44952 | C134: =YEAR(B134) -> 2023 | D134: =B134-DATE(YEAR(B134),1,0) -> 26 | E134: Te Puke | F134: 5.0962
... A612: KKHW2020_2024 | B612: 45454 | C612: =YEAR(B612) -> 2024 | D612: =B612-DATE(YEAR(B612),1,0) -> 163 | E612: Kerikeri | F612: 18.7234
D613: =B613-DATE(YEAR(B613),1,0) -> 0
A614: TPHW2016 | B614: 42387 | C614: 2016 | D614: =B614-DATE(YEAR(B614),1,0) -> 18 | E614: Te Puke | F614: 4.4104
A615: TPHW2016 | B615: 42387 | C615: 2016 | D615: =B615-DATE(YEAR(B615),1,0) -> 18 | E615: Te Puke | F615: 4.0227
A616: TPHW2016 | B616: 42423 | C616: 2016 | D616: =B616-DATE(YEAR(B616),1,0) -> 54 | E616: Te Puke | F616: 8.7792
A617: TPHW2016 | B617: 42423 | C617: 2016 | D617: =B617-DATE(YEAR(B617),1,0) -> 54 | E617: Te Puke | F617: 10.1983
A618: TPHW2016 | B618: 42437 | C618: 2016 | D618: =B618-DATE(YEAR(B618),1,0) -> 68 | E618: Te Puke | F618: 10.6396
A619: TPHW2016 | B619: 42437 | C619: 2016 | D619: =B619-DATE(YEAR(B619),1,0) -> 68 | E619: Te Puke | F619: 12.5664
A620: TPHW2016 | B620: 42451 | C620: 2016 | D620: =B620-DATE(YEAR(B620),1,0) -> 82 | E620: Te Puke | F620: 13.1417
A621: TPHW2016 | B621: 42451 | C621: 2016 | D621: =B621-DATE(YEAR(B621),1,0) -> 82 | E621: Te Puke | F621: 15.0639
A622: TPHW2016 | B622: 42466 | C622: 2016 | D622: =B622-DATE(YEAR(B622),1,0) -> 97 | E622: Te Puke | F622: 13.7605
A623: TPHW2016 | B623: 42467 | C623: 2016 | D623: =B623-DATE(YEAR(B623),1,0) -> 98 | E623: Te Puke | F623: 17.3502
A624: TPHW2016 | B624: 42474 | C624: 2016 | D624: =B624-DATE(YEAR(B624),1,0) -> 105 | E624: Te Puke | F624: 17.6409
A625: TPHW2016 | B625: 42475 | C625: 2016 | D625: =B625-DATE(YEAR(B625),1,0) -> 106 | E625: Te Puke | F625: 15.3824
... A629: TPHW2016 | B629: 42486 | C629: 2016 | D629: =B629-DATE(YEAR(B629),1,0) -> 117 | E629: Te Puke | F629: 17.9868
A630: TPHW2016 | B630: 42493 | C630: 2016 | D630: =B630-DATE(YEAR(B630),1,0) -> 124 | E630: Te Puke | F630: 16.5949 | G630: =Calculations!E2 -> 17.923679 | H630: FruitMature
A631: TPHW2016 | B631: 42493 | C631: 2016 | D631: =B631-DATE(YEAR(B631),1,0) -> 124 | E631: Te Puke | F631: 20.163
A632: TPHW2016 | B632: 42510 | C632: 2016 | D632: =B632-DATE(YEAR(B632),1,0) -> 141 | E632: Te Puke | F632: 16.8586
A633: TPHW2016 | B633: 42510 | C633: 2016 | D633: =B633-DATE(YEAR(B633),1,0) -> 141 | E633: Te Puke | F633: 20.4678
A634: TPHW2016 | B634: 42521 | C634: 2016 | D634: =B634-DATE(YEAR(B634),1,0) -> 152 | E634: Te Puke | F634: 16.4247
A635: TPHW2016 | B635: 42521 | C635: 2016 | D635: =B635-DATE(YEAR(B635),1,0) -> 152 | E635: Te Puke | F635: 20.3516
A636: TPHW2016 | B636: 42535 | C636: 2016 | D636: =B636-DATE(YEAR(B636),1,0) -> 166 | E636: Te Puke | F636: 18.0323
A637: TPHW2016 | B637: 42535 | C637: 2016 | D637: =B637-DATE(YEAR(B637),1,0) -> 166 | E637: Te Puke | F637: 20.2464
A638: TPHW2016 | B638: 42386 | C638: 2016 | D638: =B638-DATE(YEAR(B638),1,0) -> 17 | E638: Te Puke | F638: 4.0968
A639: TPHW2016 | B639: 42424 | C639: 2016 | D639: =B639-DATE(YEAR(B639),1,0) -> 55 | E639: Te Puke | F639: 10.3124
A640: TPHW2016 | B640: 42439 | C640: 2016 | D640: =B640-DATE(YEAR(B640),1,0) -> 70 | E640: Te Puke | F640: 13.6368
A641: TPHW2016 | B641: 42452 | C641: 2016 | D641: =B641-DATE(YEAR(B641),1,0) -> 83 | E641: Te Puke | F641: 15.0612
A642: TPHW2016 | B642: 42467 | C642: 2016 | D642: =B642-DATE(YEAR(B642),1,0) -> 98 | E642: Te Puke | F642: 17.472
... A712: TPHW2017 | B712: 42853 | C712: 2017 | D712: =B712-DATE(YEAR(B712),1,0) -> 118 | E712: Te Puke | F712: 19.8114
A713: TPHW2017 | B713: 42858 | C713: 2017 | D713: =B713-DATE(YEAR(B713),1,0) -> 123 | E713: Te Puke | F713: 19.4005 | G713: =Calculations!E3 -> 19.718978 | H713: FruitMature
A714: TPHW2017 | B714: 42858 | C714: 2017 | D714: =B714-DATE(YEAR(B714),1,0) -> 123 | E714: Te Puke | F714: 16.365
A715: TPHW2017 | B715: 42871 | C715: 2017 | D715: =B715-DATE(YEAR(B715),1,0) -> 136 | E715: Te Puke | F715: 20.7648
A716: TPHW2017 | B716: 42871 | C716: 2017 | D716: =B716-DATE(YEAR(B716),1,0) -> 136 | E716: Te Puke | F716: 19.0674
A717: TPHW2017 | B717: 42885 | C717: 2017 | D717: =B717-DATE(YEAR(B717),1,0) -> 150 | E717: Te Puke | F717: 20.5335
A718: TPHW2017 | B718: 42885 | C718: 2017 | D718: =B718-DATE(YEAR(B718),1,0) -> 150 | E718: Te Puke | F718: 19.3644
A719: TPHW2017 | B719: 42893 | C719: 2017 | D719: =B719-DATE(YEAR(B719),1,0) -> 158 | E719: Te Puke | F719: 20.9304
A720: TPHW2017 | B720: 42893 | C720: 2017 | D720: =B720-DATE(YEAR(B720),1,0) -> 158 | E720: Te Puke | F720: 18.645
A721: TPHW2017 | B721: 42907 | C721: 2017 | D721: =B721-DATE(YEAR(B721),1,0) -> 172 | E721: Te Puke | F721: 20.0507
A722: TPHW2017 | B722: 42907 | C722: 2017 | D722: =B722-DATE(YEAR(B722),1,0) -> 172 | E722: Te Puke | F722: 19.3028
A723: TPHW2017 | B723: 42753 | C723: 2017 | D723: =B723-DATE(YEAR(B723),1,0) -> 18 | E723: Te Puke | F723: 5.104
A724: TPHW2017 | B724: 42789 | C724: 2017 | D724: =B724-DATE(YEAR(B724),1,0) -> 54 | E724: Te Puke | F724: 11.5196
A725: TPHW2017 | B725: 42804 | C725: 2017 | D725: =B725-DATE(YEAR(B725),1,0) -> 69 | E725: Te Puke | F725: 15.0088
... A801: TPHW2018 | B801: 43215 | C801: 2018 | D801: =B801-DATE(YEAR(B801),1,0) -> 115 | E801: Te Puke | F801: 17.024
A802: TPHW2018 | B802: 43221 | C802: 2018 | D802: =B802-DATE(YEAR(B802),1,0) -> 121 | E802: Te Puke | F802: 20.4624 | G802: =Calculations!E4 -> 18.162852 | H802: FruitMature
A803: TPHW2018 | B803: 43221 | C803: 2018 | D803: =B803-DATE(YEAR(B803),1,0) -> 121 | E803: Te Puke | F803: 18.094
A804: TPHW2018 | B804: 43235 | C804: 2018 | D804: =B804-DATE(YEAR(B804),1,0) -> 135 | E804: Te Puke | F804: 20.8331
A805: TPHW2018 | B805: 43235 | C805: 2018 | D805: =B805-DATE(YEAR(B805),1,0) -> 135 | E805: Te Puke | F805: 17.9778
A806: TPHW2018 | B806: 43249 | C806: 2018 | D806: =B806-DATE(YEAR(B806),1,0) -> 149 | E806: Te Puke | F806: 20.9352
A807: TPHW2018 | B807: 43249 | C807: 2018 | D807: =B807-DATE(YEAR(B807),1,0) -> 149 | E807: Te Puke | F807: 18.2515
A808: TPHW2018 | B808: 43116 | C808: 2018 | D808: =B808-DATE(YEAR(B808),1,0) -> 16 | E808: Te Puke | F808: 4.3665
A809: TPHW2018 | B809: 43151 | C809: 2018 | D809: =B809-DATE(YEAR(B809),1,0) -> 51 | E809: Te Puke | F809: 9.3225
A810: TPHW2018 | B810: 43165 | C810: 2018 | D810: =B810-DATE(YEAR(B810),1,0) -> 65 | E810: Te Puke | F810: 12.8369
A811: TPHW2018 | B811: 43179 | C811: 2018 | D811: =B811-DATE(YEAR(B811),1,0) -> 79 | E811: Te Puke | F811: 14.6574
A812: TPHW2018 | B812: 43194 | C812: 2018 | D812: =B812-DATE(YEAR(B812),1,0) -> 94 | E812: Te Puke | F812: 16.7586
A813: TPHW2018 | B813: 43201 | C813: 2018 | D813: =B813-DATE(YEAR(B813),1,0) -> 101 | E813: Te Puke | F813: 17.2368
A814: TPHW2018 | B814: 43209 | C814: 2018 | D814: =B814-DATE(YEAR(B814),1,0) -> 109 | E814: Te Puke | F814: 17.7507
... A869: TPHW2019 | B869: 43570 | C869: 2019 | D869: =B869-DATE(YEAR(B869),1,0) -> 105 | E869: Te Puke | F869: 17.2972
A870: TPHW2019 | B870: 43577 | C870: 2019 | D870: =B870-DATE(YEAR(B870),1,0) -> 112 | E870: Te Puke | F870: 16.7501 | G870: =Calculations!E5 -> 17.547892 | H870: FruitMature
A871: TPHW2019 | B871: 43584 | C871: 2019 | D871: =B871-DATE(YEAR(B871),1,0) -> 119 | E871: Te Puke | F871: 16.0398
A872: TPHW2019 | B872: 43613 | C872: 2019 | D872: =B872-DATE(YEAR(B872),1,0) -> 148 | E872: Te Puke | F872: 18.9561
A873: TPHW2019 | B873: 43479 | C873: 2019 | D873: =B873-DATE(YEAR(B873),1,0) -> 14 | E873: Te Puke | F873: 4.1318
...

Sheet SingleBerryDMC
A1: SimulationName | B1: Clock.Today | C1: Clock.Today.Year | D1: DOY | E1: Location | F1: KiwiFruit.Fruit.SingleBerryDMC | G1: KiwiFruit.Fruit.MaxSingleBerryDMC | H1: KiwiFruit.Phenology.CurrentStageName
A2: TPHW2016_2024 | B2: 44603 | C2: 2022 | D2: =B2-DATE(YEAR(B2),1,0) -> 42 | E2: Te Puke | F2: =(SingleBerryDW!F2/SingleBerryFW!F2)*100 -> 11.4
A3: TPHW2016_2024 | B3: 44608 | C3: 2022 | D3: =B3-DATE(YEAR(B3),1,0) -> 47 | E3: Te Puke | F3: =(SingleBerryDW!F3/SingleBerryFW!F3)*100 -> 13.4
A4: TPHW2016_2024 | B4: 44622 | C4: 2022 | D4: =B4-DATE(YEAR(B4),1,0) -> 61 | E4: Te Puke | F4: =(SingleBerryDW!F4/SingleBerryFW!F4)*100 -> 11.7
A5: TPHW2016_2024 | B5: 44636 | C5: 2022 | D5: =B5-DATE(YEAR(B5),1,0) -> 75 | E5: Te Puke | F5: =(SingleBerryDW!F5/SingleBerryFW!F5)*100 -> 12.4
A6: TPHW2016_2024 | B6: 44650 | C6: 2022 | D6: =B6-DATE(YEAR(B6),1,0) -> 89 | E6: Te Puke | F6: =(SingleBerryDW!F6/SingleBerryFW!F6)*100 -> 15.1
A7: TPHW2016_2024 | B7: 44664 | C7: 2022 | D7: =B7-DATE(YEAR(B7),1,0) -> 103 | E7: Te Puke | F7: =(SingleBerryDW!F7/SingleBerryFW!F7)*100 -> 15.2
A8: TPHW2016_2024 | B8: 44672 | C8: 2022 | D8: =B8-DATE(YEAR(B8),1,0) -> 111 | E8: Te Puke | F8: =(SingleBerryDW!F8/SingleBerryFW!F8)*100 -> 16
A9: TPHW2016_2024 | B9: 44680 | C9: 2022 | D9: =B9-DATE(YEAR(B9),1,0) -> 119 | E9: Te Puke | F9: =(SingleBerryDW!F9/SingleBerryFW!F9)*100 -> 16.1
A10: TPHW2016_2024 | B10: 44685 | C10: 2022 | D10: =B10-DATE(YEAR(B10),1,0) -> 124 | E10: Te Puke | F10: =(SingleBerryDW!F10/SingleBerryFW!F10)*100 -> 15.8
A11: TPHW2016_2024 | B11: 44699 | C11: 2022 | D11: =B11-DATE(YEAR(B11),1,0) -> 138 | E11: Te Puke | F11: =(SingleBerryDW!F11/SingleBerryFW!F11)*100 -> 15.5
A12: TPHW2016_2024 | B12: 44713 | C12: 2022 | D12: =B12-DATE(YEAR(B12),1,0) -> 152 | E12: Te Puke | F12: =(SingleBerryDW!F12/SingleBerryFW!F12)*100 -> 16.3
A13: TPHW2016_2024 | B13: 44952 | C13: 2023 | D13: =B13-DATE(YEAR(B13),1,0) -> 26 | E13: Te Puke | F13: =(SingleBerryDW!F13/SingleBerryFW!F13)*100 -> 9.4
... A89: TPHW2016_2024 | B89: 45453 | C89: 2024 | D89: =B89-DATE(YEAR(B89),1,0) -> 162 | E89: Te Puke | F89: =(SingleBerryDW!F89/SingleBerryFW!F89)*100 -> 17.9
A90: TPHW2016_2024 | B90: 44595 | C90: =YEAR((B90)) -> 2022 | D90: =B90-DATE(YEAR(B90),1,0) -> 34 | E90: Te Puke | F90: =(SingleBerryDW!F90/SingleBerryFW!F90)*100 -> 10
A91: TPHW2016_2024 | B91: 44608 | C91: =YEAR((B91)) -> 2022 | D91: =B91-DATE(YEAR(B91),1,0) -> 47 | E91: Te Puke | F91: =(SingleBerryDW!F91/SingleBerryFW!F91)*100 -> 12.2
A92: TPHW2016_2024 | B92: 44622 | C92: =YEAR((B92)) -> 2022 | D92: =B92-DATE(YEAR(B92),1,0) -> 61 | E92: Te Puke | F92: =(SingleBerryDW!F92/SingleBerryFW!F92)*100 -> 14.1
A93: TPHW2016_2024 | B93: 44636 | C93: =YEAR((B93)) -> 2022 | D93: =B93-DATE(YEAR(B93),1,0) -> 75 | E93: Te Puke | F93: =(SingleBerryDW!F93/SingleBerryFW!F93)*100 -> 13.9
A94: TPHW2016_2024 | B94: 44650 | C94: =YEAR((B94)) -> 2022 | D94: =B94-DATE(YEAR(B94),1,0) -> 89 | E94: Te Puke | F94: =(SingleBerryDW!F94/SingleBerryFW!F94)*100 -> 17.2
A95: TPHW2016_2024 | B95: 44664 | C95: =YEAR((B95)) -> 2022 | D95: =B95-DATE(YEAR(B95),1,0) -> 103 | E95: Te Puke | F95: =(SingleBerryDW!F95/SingleBerryFW!F95)*100 -> 15.6
A96: TPHW2016_2024 | B96: 44673 | C96: =YEAR((B96)) -> 2022 | D96: =B96-DATE(YEAR(B96),1,0) -> 112 | E96: Te Puke | F96: =(SingleBerryDW!F96/SingleBerryFW!F96)*100 -> 15.9
A97: TPHW2016_2024 | B97: 44680 | C97: =YEAR((B97)) -> 2022 | D97: =B97-DATE(YEAR(B97),1,0) -> 119 | E97: Te Puke | F97: =(SingleBerryDW!F97/SingleBerryFW!F97)*100 -> 17.6
A98: TPHW2016_2024 | B98: 44685 | C98: =YEAR((B98)) -> 2022 | D98: =B98-DATE(YEAR(B98),1,0) -> 124 | E98: Te Puke | F98: =(SingleBerryDW!F98/SingleBerryFW!F98)*100 -> 18.2
A99: TPHW2016_2024 | B99: 44699 | C99: =YEAR((B99)) -> 2022 | D99: =B99-DATE(YEAR(B99),1,0) -> 138 | E99: Te Puke | F99: =(SingleBerryDW!F99/SingleBerryFW!F99)*100 -> 17.7
A100: TPHW2016_2024 | B100: 44713 | C100: =YEAR((B100)) -> 2022 | D100: =B100-DATE(YEAR(B100),1,0) -> 152 | E100: Te Puke | F100: =(SingleBerryDW!F100/SingleBerryFW!F100)*100 -> 18.1
A101: TPHW2016_2024 | B101: 44950 | C101: =YEAR((B101)) -> 2023 | D101: =B101-DATE(YEAR(B101),1,0) -> 24 | E101: Te Puke | F101: =(SingleBerryDW!F101/SingleBerryFW!F101)*100 -> 9
... A122: TPHW2016_2024 | B122: 45453 | C122: =YEAR((B122)) -> 2024 | D122: =B122-DATE(YEAR(B122),1,0) -> 162 | E122: Te Puke | F122: =(SingleBerryDW!F122/SingleBerryFW!F122)*100 -> 18
A123: TPHW2016_2024 | B123: 44595 | C123: =YEAR(B123) -> 2022 | D123: =B123-DATE(YEAR(B123),1,0) -> 34 | E123: Te Puke | F123: =(SingleBerryDW!F123/SingleBerryFW!F123)*100 -> 9.7
A124: TPHW2016_2024 | B124: 44608 | C124: =YEAR(B124) -> 2022 | D124: =B124-DATE(YEAR(B124),1,0) -> 47 | E124: Te Puke | F124: =(SingleBerryDW!F124/SingleBerryFW!F124)*100 -> 11.4
A125: TPHW2016_2024 | B125: 44622 | C125: =YEAR(B125) -> 2022 | D125: =B125-DATE(YEAR(B125),1,0) -> 61 | E125: Te Puke | F125: =(SingleBerryDW!F125/SingleBerryFW!F125)*100 -> 12.8
A126: TPHW2016_2024 | B126: 44636 | C126: =YEAR(B126) -> 2022 | D126: =B126-DATE(YEAR(B126),1,0) -> 75 | E126: Te Puke | F126: =(SingleBerryDW!F126/SingleBerryFW!F126)*100 -> 12.1
A127: TPHW2016_2024 | B127: 44650 | C127: =YEAR(B127) -> 2022 | D127: =B127-DATE(YEAR(B127),1,0) -> 89 | E127: Te Puke | F127: =(SingleBerryDW!F127/SingleBerryFW!F127)*100 -> 14.6
A128: TPHW2016_2024 | B128: 44664 | C128: =YEAR(B128) -> 2022 | D128: =B128-DATE(YEAR(B128),1,0) -> 103 | E128: Te Puke | F128: =(SingleBerryDW!F128/SingleBerryFW!F128)*100 -> 14.4
A129: TPHW2016_2024 | B129: 44672 | C129: =YEAR(B129) -> 2022 | D129: =B129-DATE(YEAR(B129),1,0) -> 111 | E129: Te Puke | F129: =(SingleBerryDW!F129/SingleBerryFW!F129)*100 -> 14.8
A130: TPHW2016_2024 | B130: 44680 | C130: =YEAR(B130) -> 2022 | D130: =B130-DATE(YEAR(B130),1,0) -> 119 | E130: Te Puke | F130: =(SingleBerryDW!F130/SingleBerryFW!F130)*100 -> 14.7
A131: TPHW2016_2024 | B131: 44685 | C131: =YEAR(B131) -> 2022 | D131: =B131-DATE(YEAR(B131),1,0) -> 124 | E131: Te Puke | F131: =(SingleBerryDW!F131/SingleBerryFW!F131)*100 -> 14.6
A132: TPHW2016_2024 | B132: 44699 | C132: =YEAR(B132) -> 2022 | D132: =B132-DATE(YEAR(B132),1,0) -> 138 | E132: Te Puke | F132: =(SingleBerryDW!F132/SingleBerryFW!F132)*100 -> 15.8
A133: TPHW2016_2024 | B133: 44713 | C133: =YEAR(B133) -> 2022 | D133: =B133-DATE(YEAR(B133),1,0) -> 152 | E133: Te Puke | F133: =(SingleBerryDW!F133/SingleBerryFW!F133)*100 -> 16
A134: TPHW2016_2024 | B134: 44952 | C134: =YEAR(B134) -> 2023 | D134: =B134-DATE(YEAR(B134),1,0) -> 26 | E134: Te Puke | F134: =(SingleBerryDW!F134/SingleBerryFW!F134)*100 -> 8.3
... A612: KKHW2020_2024 | B612: 45454 | C612: =YEAR(B612) -> 2024 | D612: =B612-DATE(YEAR(B612),1,0) -> 163 | E612: Kerikeri | F612: =(SingleBerryDW!F612/SingleBerryFW!F612)*100 -> 17.9
D613: =B613-DATE(YEAR(B613),1,0) -> 0
A614: TPHW2016 | B614: 42387 | C614: 2016 | D614: =B614-DATE(YEAR(B614),1,0) -> 18 | E614: Te Puke | F614: =(SingleBerryDW!F614/SingleBerryFW!F614)*100 -> 7.4
A615: TPHW2016 | B615: 42387 | C615: 2016 | D615: =B615-DATE(YEAR(B615),1,0) -> 18 | E615: Te Puke | F615: =(SingleBerryDW!F615/SingleBerryFW!F615)*100 -> 6.9
A616: TPHW2016 | B616: 42423 | C616: 2016 | D616: =B616-DATE(YEAR(B616),1,0) -> 54 | E616: Te Puke | F616: =(SingleBerryDW!F616/SingleBerryFW!F616)*100 -> 11.8
A617: TPHW2016 | B617: 42423 | C617: 2016 | D617: =B617-DATE(YEAR(B617),1,0) -> 54 | E617: Te Puke | F617: =(SingleBerryDW!F617/SingleBerryFW!F617)*100 -> 11.9
A618: TPHW2016 | B618: 42437 | C618: 2016 | D618: =B618-DATE(YEAR(B618),1,0) -> 68 | E618: Te Puke | F618: =(SingleBerryDW!F618/SingleBerryFW!F618)*100 -> 13.4
A619: TPHW2016 | B619: 42437 | C619: 2016 | D619: =B619-DATE(YEAR(B619),1,0) -> 68 | E619: Te Puke | F619: =(SingleBerryDW!F619/SingleBerryFW!F619)*100 -> 13.6
A620: TPHW2016 | B620: 42451 | C620: 2016 | D620: =B620-DATE(YEAR(B620),1,0) -> 82 | E620: Te Puke | F620: =(SingleBerryDW!F620/SingleBerryFW!F620)*100 -> 14.3
A621: TPHW2016 | B621: 42451 | C621: 2016 | D621: =B621-DATE(YEAR(B621),1,0) -> 82 | E621: Te Puke | F621: =(SingleBerryDW!F621/SingleBerryFW!F621)*100 -> 14.9
A622: TPHW2016 | B622: 42466 | C622: 2016 | D622: =B622-DATE(YEAR(B622),1,0) -> 97 | E622: Te Puke | F622: =(SingleBerryDW!F622/SingleBerryFW!F622)*100 -> 14.5
A623: TPHW2016 | B623: 42467 | C623: 2016 | D623: =B623-DATE(YEAR(B623),1,0) -> 98 | E623: Te Puke | F623: =(SingleBerryDW!F623/SingleBerryFW!F623)*100 -> 15.3
A624: TPHW2016 | B624: 42474 | C624: 2016 | D624: =B624-DATE(YEAR(B624),1,0) -> 105 | E624: Te Puke | F624: =(SingleBerryDW!F624/SingleBerryFW!F624)*100 -> 15.3
A625: TPHW2016 | B625: 42475 | C625: 2016 | D625: =B625-DATE(YEAR(B625),1,0) -> 106 | E625: Te Puke | F625: =(SingleBerryDW!F625/SingleBerryFW!F625)*100 -> 15.2
... A681: TPHW2016 | B681: 42489 | C681: 2016 | D681: =B681-DATE(YEAR(B681),1,0) -> 120 | E681: Te Puke | F681: =(SingleBerryDW!F681/SingleBerryFW!F681)*100 -> 15.7
A682: TPHW2016 | B682: 42494 | C682: 2016 | D682: =B682-DATE(YEAR(B682),1,0) -> 125 | E682: Te Puke | F682: =(SingleBerryDW!F682/SingleBerryFW!F682)*100 -> 16.1 | G682: =Calculations!F2 -> 16.2101 | H682: FruitMature
A683: TPHW2016 | B683: 42496 | C683: 2016 | D683: =B683-DATE(YEAR(B683),1,0) -> 127 | E683: Te Puke | F683: =(SingleBerryDW!F683/SingleBerryFW!F683)*100 -> 17.2
A684: TPHW2016 | B684: 42496 | C684: 2016 | D684: =B684-DATE(YEAR(B684),1,0) -> 127 | E684: Te Puke | F684: =(SingleBerryDW!F684/SingleBerryFW!F684)*100 -> 16.1
A685: TPHW2016 | B685: 42496 | C685: 2016 | D685: =B685-DATE(YEAR(B685),1,0) -> 127 | E685: Te Puke | F685: =(SingleBerryDW!F685/SingleBerryFW!F685)*100 -> 16.2
A686: TPHW2016 | B686: 42509 | C686: 2016 | D686: =B686-DATE(YEAR(B686),1,0) -> 140 | E686: Te Puke | F686: =(SingleBerryDW!F686/SingleBerryFW!F686)*100 -> 17.5
A687: TPHW2016 | B687: 42509 | C687: 2016 | D687: =B687-DATE(YEAR(B687),1,0) -> 140 | E687: Te Puke | F687: =(SingleBerryDW!F687/SingleBerryFW!F687)*100 -> 17.1
A688: TPHW2016 | B688: 42509 | C688: 2016 | D688: =B688-DATE(YEAR(B688),1,0) -> 140 | E688: Te Puke | F688: =(SingleBerryDW!F688/SingleBerryFW!F688)*100 -> 16.4
A689: TPHW2016 | B689: 42510 | C689: 2016 | D689: =B689-DATE(YEAR(B689),1,0) -> 141 | E689: Te Puke | F689: =(SingleBerryDW!F689/SingleBerryFW!F689)*100 -> 16.8
A690: TPHW2016 | B690: 42522 | C690: 2016 | D690: =B690-DATE(YEAR(B690),1,0) -> 153 | E690: Te Puke | F690: =(SingleBerryDW!F690/SingleBerryFW!F690)*100 -> 17.1
A691: TPHW2016 | B691: 42523 | C691: 2016 | D691: =B691-DATE(YEAR(B691),1,0) -> 154 | E691: Te Puke | F691: =(SingleBerryDW!F691/SingleBerryFW!F691)*100 -> 18
A692: TPHW2016 | B692: 42523 | C692: 2016 | D692: =B692-DATE(YEAR(B692),1,0) -> 154 | E692: Te Puke | F692: =(SingleBerryDW!F692/SingleBerryFW!F692)*100 -> 17.1
A693: TPHW2016 | B693: 42523 | C693: 2016 | D693: =B693-DATE(YEAR(B693),1,0) -> 154 | E693: Te Puke | F693: =(SingleBerryDW!F693/SingleBerryFW!F693)*100 -> 16.8
A694: TPHW2016 | B694: 42531 | C694: 2016 | D694: =B694-DATE(YEAR(B694),1,0) -> 162 | E694: Te Puke | F694: =(SingleBerryDW!F694/SingleBerryFW!F694)*100 -> 16.8
... A769: TPHW2017 | B769: 42859 | C769: 2017 | D769: =B769-DATE(YEAR(B769),1,0) -> 124 | E769: Te Puke | F769: =(SingleBerryDW!F769/SingleBerryFW!F769)*100 -> 16.4
A770: TPHW2017 | B770: 42860 | C770: 2017 | D770: =B770-DATE(YEAR(B770),1,0) -> 125 | E770: Te Puke | F770: =(SingleBerryDW!F770/SingleBerryFW!F770)*100 -> 16.8 | G770: =Calculations!F3 -> 16.434024 | H770: FruitMature
A771: TPHW2017 | B771: 42860 | C771: 2017 | D771: =B771-DATE(YEAR(B771),1,0) -> 125 | E771: Te Puke | F771: =(SingleBerryDW!F771/SingleBerryFW!F771)*100 -> 17.2
A772: TPHW2017 | B772: 42872 | C772: 2017 | D772: =B772-DATE(YEAR(B772),1,0) -> 137 | E772: Te Puke | F772: =(SingleBerryDW!F772/SingleBerryFW!F772)*100 -> 17.7
A773: TPHW2017 | B773: 42873 | C773: 2017 | D773: =B773-DATE(YEAR(B773),1,0) -> 138 | E773: Te Puke | F773: =(SingleBerryDW!F773/SingleBerryFW!F773)*100 -> 17.2
A774: TPHW2017 | B774: 42873 | C774: 2017 | D774: =B774-DATE(YEAR(B774),1,0) -> 138 | E774: Te Puke | F774: =(SingleBerryDW!F774/SingleBerryFW!F774)*100 -> 16.7
A775: TPHW2017 | B775: 42873 | C775: 2017 | D775: =B775-DATE(YEAR(B775),1,0) -> 138 | E775: Te Puke | F775: =(SingleBerryDW!F775/SingleBerryFW!F775)*100 -> 17.6
A776: TPHW2017 | B776: 42886 | C776: 2017 | D776: =B776-DATE(YEAR(B776),1,0) -> 151 | E776: Te Puke | F776: =(SingleBerryDW!F776/SingleBerryFW!F776)*100 -> 18
A777: TPHW2017 | B777: 42887 | C777: 2017 | D777: =B777-DATE(YEAR(B777),1,0) -> 152 | E777: Te Puke | F777: =(SingleBerryDW!F777/SingleBerryFW!F777)*100 -> 17.4
A778: TPHW2017 | B778: 42887 | C778: 2017 | D778: =B778-DATE(YEAR(B778),1,0) -> 152 | E778: Te Puke | F778: =(SingleBerryDW!F778/SingleBerryFW!F778)*100 -> 16.9
A779: TPHW2017 | B779: 42887 | C779: 2017 | D779: =B779-DATE(YEAR(B779),1,0) -> 152 | E779: Te Puke | F779: =(SingleBerryDW!F779/SingleBerryFW!F779)*100 -> 18
A780: TPHW2017 | B780: 42893 | C780: 2017 | D780: =B780-DATE(YEAR(B780),1,0) -> 158 | E780: Te Puke | F780: =(SingleBerryDW!F780/SingleBerryFW!F780)*100 -> 17.9
A781: TPHW2017 | B781: 42893 | C781: 2017 | D781: =B781-DATE(YEAR(B781),1,0) -> 158 | E781: Te Puke | F781: =(SingleBerryDW!F781/SingleBerryFW!F781)*100 -> 17.8
A782: TPHW2017 | B782: 42894 | C782: 2017 | D782: =B782-DATE(YEAR(B782),1,0) -> 159 | E782: Te Puke | F782: =(SingleBerryDW!F782/SingleBerryFW!F782)*100 -> 17.7
... A851: TPHW2018 | B851: 43221 | C851: 2018 | D851: =B851-DATE(YEAR(B851),1,0) -> 121 | E851: Te Puke | F851: =(SingleBerryDW!F851/SingleBerryFW!F851)*100 -> 15.7
A852: TPHW2018 | B852: 43221 | C852: 2018 | D852: =B852-DATE(YEAR(B852),1,0) -> 121 | E852: Te Puke | F852: =(SingleBerryDW!F852/SingleBerryFW!F852)*100 -> 16.6 | G852: =Calculations!F4 -> 16.765244 | H852: FruitMature
A853: TPHW2018 | B853: 43221 | C853: 2018 | D853: =B853-DATE(YEAR(B853),1,0) -> 121 | E853: Te Puke | F853: =(SingleBerryDW!F853/SingleBerryFW!F853)*100 -> 17
A854: TPHW2018 | B854: 43221 | C854: 2018 | D854: =B854-DATE(YEAR(B854),1,0) -> 121 | E854: Te Puke | F854: =(SingleBerryDW!F854/SingleBerryFW!F854)*100 -> 17.2
A855: TPHW2018 | B855: 43234 | C855: 2018 | D855: =B855-DATE(YEAR(B855),1,0) -> 134 | E855: Te Puke | F855: =(SingleBerryDW!F855/SingleBerryFW!F855)*100 -> 16.6
A856: TPHW2018 | B856: 43234 | C856: 2018 | D856: =B856-DATE(YEAR(B856),1,0) -> 134 | E856: Te Puke | F856: =(SingleBerryDW!F856/SingleBerryFW!F856)*100 -> 17.9
A857: TPHW2018 | B857: 43235 | C857: 2018 | D857: =B857-DATE(YEAR(B857),1,0) -> 135 | E857: Te Puke | F857: =(SingleBerryDW!F857/SingleBerryFW!F857)*100 -> 16
A858: TPHW2018 | B858: 43235 | C858: 2018 | D858: =B858-DATE(YEAR(B858),1,0) -> 135 | E858: Te Puke | F858: =(SingleBerryDW!F858/SingleBerryFW!F858)*100 -> 17.7
A859: TPHW2018 | B859: 43248 | C859: 2018 | D859: =B859-DATE(YEAR(B859),1,0) -> 148 | E859: Te Puke | F859: =(SingleBerryDW!F859/SingleBerryFW!F859)*100 -> 17.2
A860: TPHW2018 | B860: 43248 | C860: 2018 | D860: =B860-DATE(YEAR(B860),1,0) -> 148 | E860: Te Puke | F860: =(SingleBerryDW!F860/SingleBerryFW!F860)*100 -> 18.4
A861: TPHW2018 | B861: 43249 | C861: 2018 | D861: =B861-DATE(YEAR(B861),1,0) -> 149 | E861: Te Puke | F861: =(SingleBerryDW!F861/SingleBerryFW!F861)*100 -> 16.6
A862: TPHW2018 | B862: 43249 | C862: 2018 | D862: =B862-DATE(YEAR(B862),1,0) -> 149 | E862: Te Puke | F862: =(SingleBerryDW!F862/SingleBerryFW!F862)*100 -> 17.8
A863: TPHW2019 | B863: 43479 | C863: 2019 | D863: =B863-DATE(YEAR(B863),1,0) -> 14 | E863: Te Puke | F863: =(SingleBerryDW!F863/SingleBerryFW!F863)*100 -> 7.1
A864: TPHW2019 | B864: 43515 | C864: 2019 | D864: =B864-DATE(YEAR(B864),1,0) -> 50 | E864: Te Puke | F864: =(SingleBerryDW!F864/SingleBerryFW!F864)*100 -> 12.6
... A909: TPHW2019 | B909: 43577 | C909: 2019 | D909: =B909-DATE(YEAR(B909),1,0) -> 112 | E909: Te Puke | F909: =(SingleBerryDW!F909/SingleBerryFW!F909)*100 -> 16.4
A910: TPHW2019 | B910: 43577 | C910: 2019 | D910: =B910-DATE(YEAR(B910),1,0) -> 112 | E910: Te Puke | F910: =(SingleBerryDW!F910/SingleBerryFW!F910)*100 -> 16.8 | G910: =Calculations!F5 -> 17.305689 | H910: FruitMature
A911: TPHW2019 | B911: 43577 | C911: 2019 | D911: =B911-DATE(YEAR(B911),1,0) -> 112 | E911: Te Puke | F911: =(SingleBerryDW!F911/SingleBerryFW!F911)*100 -> 17.4
A912: TPHW2019 | B912: 43577 | C912: 2019 | D912: =B912-DATE(YEAR(B912),1,0) -> 112 | E912: Te Puke | F912: =(SingleBerryDW!F912/SingleBerryFW!F912)*100 -> 16.3
A913: TPHW2019 | B913: 43584 | C913: 2019 | D913: =B913-DATE(YEAR(B913),1,0) -> 119 | E913: Te Puke | F913: =(SingleBerryDW!F913/SingleBerryFW!F913)*100 -> 16.7
...

Sheet FullBloom
A1: SimulationName | B1: Clock.Today | C1: Clock.Today.Year | D1: DOY | E1: Location | F1: KiwiFruit.Fruit.SingleBerryFW | G1: KiwiFruit.Fruit.MaxSingleBerryFW | H1: KiwiFruit.Phenology.CurrentStageName | I1: KiwiFruit.Phenology.FullBloomDOY | J1: Clock.Today.Year
A2: TPHW2016 | B2: 42387 | C2: 2016 | E2: Te Puke | F2: 59.6 | G2: =F2 -> 59.6 | I2: 332 | J2: =YEAR(B2) -> 2016 | M2: 42330
A3: TPHW2016 | B3: 42387 | C3: 2016 | E3: Te Puke | F3: 58.3 | G3: =F3 -> 58.3 | I3: 332 | J3: =YEAR(B3) -> 2016 | M3: 42337
A4: TPHW2016 | B4: 42423 | C4: 2016 | E4: Te Puke | F4: 74.4 | G4: =F4 -> 74.4 | I4: 332 | J4: =YEAR(B4) -> 2016 | M4: 42334
A5: TPHW2016 | B5: 42423 | C5: 2016 | E5: Te Puke | F5: 85.7 | G5: =F5 -> 85.7 | I5: 332 | J5: =YEAR(B5) -> 2016 | M5: 42336
A6: TPHW2016 | B6: 42437 | C6: 2016 | E6: Te Puke | F6: 79.4 | G6: =F6 -> 79.4 | I6: 332 | J6: =YEAR(B6) -> 2016 | M6: 42334
A7: TPHW2016 | B7: 42437 | C7: 2016 | E7: Te Puke | F7: 92.4 | G7: =F7 -> 92.4 | I7: 332 | J7: =YEAR(B7) -> 2016 | M7: 42339
A8: TPHW2016 | B8: 42451 | C8: 2016 | E8: Te Puke | F8: 91.9 | G8: =F8 -> 91.9 | I8: 332 | J8: =YEAR(B8) -> 2016 | M8: 42333
A9: TPHW2016 | B9: 42451 | C9: 2016 | E9: Te Puke | F9: 101.1 | G9: =F9 -> 101.1 | I9: 332 | J9: =YEAR(B9) -> 2016 | M9: 42334
A10: TPHW2016 | B10: 42466 | C10: 2016 | E10: Te Puke | F10: 94.9 | G10: =F10 -> 94.9 | I10: 332 | J10: =YEAR(B10) -> 2016 | M10: 42339
A11: TPHW2016 | B11: 42467 | C11: 2016 | E11: Te Puke | F11: 113.4 | G11: =F11 -> 113.4 | I11: 332 | J11: =YEAR(B11) -> 2016 | M11: 42330
A12: TPHW2016 | B12: 42474 | C12: 2016 | E12: Te Puke | F12: 115.3 | G12: =F12 -> 115.3 | I12: 332 | J12: =YEAR(B12) -> 2016 | M12: 42337
A13: TPHW2016 | B13: 42475 | C13: 2016 | E13: Te Puke | F13: 101.2 | G13: =F13 -> 101.2 | I13: 332 | J13: =YEAR(B13) -> 2016 | M13: 42334
... A24: TPHW2016 | B24: 42535 | C24: 2016 | E24: Te Puke | F24: 106.7 | G24: =F24 -> 106.7 | I24: 332 | J24: =YEAR(B24) -> 2016 | M24: 42339
A25: TPHW2016 | B25: 42535 | C25: 2016 | E25: Te Puke | F25: 118.4 | G25: =F25 -> 118.4 | H25: EndFlowering | I25: 332 | J25: =YEAR(B25) -> 2016 | M25: 42330
A26: TPHW2016 | B26: 42386 | C26: 2016 | E26: Te Puke | F26: 56.9 | G26: =F26 -> 56.9 | I26: 332 | J26: =YEAR(B26) -> 2016 | M26: 42337
A27: TPHW2016 | B27: 42424 | C27: 2016 | E27: Te Puke | F27: 81.2 | G27: =F27 -> 81.2 | I27: 332 | J27: =YEAR(B27) -> 2016 | M27: 42334
A28: TPHW2016 | B28: 42439 | C28: 2016 | E28: Te Puke | F28: 94.7 | G28: =F28 -> 94.7 | I28: 332 | J28: =YEAR(B28) -> 2016 | M28: 42336
A29: TPHW2016 | B29: 42452 | C29: 2016 | E29: Te Puke | F29: 97.8 | G29: =F29 -> 97.8 | I29: 332 | J29: =YEAR(B29) -> 2016 | M29: 42333
A30: TPHW2016 | B30: 42467 | C30: 2016 | E30: Te Puke | F30: 109.2 | G30: =F30 -> 109.2 | I30: 332 | J30: =YEAR(B30) -> 2016 | M30: 42334
A31: TPHW2016 | B31: 42474 | C31: 2016 | E31: Te Puke | F31: 107.3 | G31: =F31 -> 107.3 | I31: 332 | J31: =YEAR(B31) -> 2016 | M31: 42330
A32: TPHW2016 | B32: 42482 | C32: 2016 | E32: Te Puke | F32: 112.8 | G32: =F32 -> 112.8 | I32: 332 | J32: =YEAR(B32) -> 2016 | M32: 42337
A33: TPHW2016 | B33: 42489 | C33: 2016 | E33: Te Puke | F33: 110.8 | G33: =F33 -> 110.8 | I33: 332 | J33: =YEAR(B33) -> 2016 | M33: 42339
A34: TPHW2016 | B34: 42496 | C34: 2016 | E34: Te Puke | F34: 115.6 | G34: =F34 -> 115.6 | I34: 332 | J34: =YEAR(B34) -> 2016 | M34: 42334
A35: TPHW2016 | B35: 42510 | C35: 2016 | E35: Te Puke | F35: 114.4 | G35: =F35 -> 114.4 | I35: 332 | J35: =YEAR(B35) -> 2016 | M35: 42336
A36: TPHW2016 | B36: 42523 | C36: 2016 | E36: Te Puke | F36: 113.8 | G36: =F36 -> 113.8 | I36: 332 | J36: =YEAR(B36) -> 2016 | M36: 42333
A37: TPHW2016 | B37: 42535 | C37: 2016 | E37: Te Puke | F37: 119.1 | G37: =F37 -> 119.1 | H37: EndFlowering | I37: 332 | J37: =YEAR(B37) -> 2016 | M37: 42339
A38: TPHW2016 | B38: 42386 | C38: 2016 | E38: Te Puke | F38: 65.2 | G38: =F38 -> 65.2 | I38: 332 | J38: =YEAR(B38) -> 2016 | M38: 42336
A39: TPHW2016 | B39: 42386 | C39: 2016 | E39: Te Puke | F39: 62.3 | G39: =F39 -> 62.3 | I39: 332 | J39: =YEAR(B39) -> 2016 | M39: 42333
A40: TPHW2016 | B40: 42386 | C40: 2016 | E40: Te Puke | F40: 61.2 | G40: =F40 -> 61.2 | I40: 332 | J40: =YEAR(B40) -> 2016 | M40: 42334
A41: TPHW2016 | B41: 42389 | C41: 2016 | E41: Te Puke | F41: 61 | G41: =F41 -> 61 | I41: 332 | J41: =YEAR(B41) -> 2016 | M41: 42330
A42: TPHW2016 | B42: 42424 | C42: 2016 | E42: Te Puke | F42: 91.7 | G42: =F42 -> 91.7 | I42: 332 | J42: =YEAR(B42) -> 2016 | M42: 42337
A43: TPHW2016 | B43: 42424 | C43: 2016 | E43: Te Puke | F43: 88.5 | G43: =F43 -> 88.5 | I43: 332 | J43: =YEAR(B43) -> 2016 | M43: 42334
A44: TPHW2016 | B44: 42424 | C44: 2016 | E44: Te Puke | F44: 81.3 | G44: =F44 -> 81.3 | I44: 332 | J44: =YEAR(B44) -> 2016 | M44: 42334
A45: TPHW2016 | B45: 42424 | C45: 2016 | E45: Te Puke | F45: 78.6 | G45: =F45 -> 78.6 | I45: 332 | J45: =YEAR(B45) -> 2016 | M45: 42330
A46: TPHW2016 | B46: 42438 | C46: 2016 | E46: Te Puke | F46: 85.2 | G46: =F46 -> 85.2 | I46: 332 | J46: =YEAR(B46) -> 2016 | M46: 42337
A47: TPHW2016 | B47: 42439 | C47: 2016 | E47: Te Puke | F47: 100.6 | G47: =F47 -> 100.6 | I47: 332 | J47: =YEAR(B47) -> 2016 | M47: 42339
A48: TPHW2016 | B48: 42439 | C48: 2016 | E48: Te Puke | F48: 99.5 | G48: =F48 -> 99.5 | I48: 332 | J48: =YEAR(B48) -> 2016 | M48: 42334
A49: TPHW2016 | B49: 42439 | C49: 2016 | E49: Te Puke | F49: 85.7 | G49: =F49 -> 85.7 | I49: 332 | J49: =YEAR(B49) -> 2016 | M49: 42336
... A83: TPHW2016 | B83: 42535 | C83: 2016 | E83: Te Puke | F83: 123.9 | G83: =F83 -> 123.9 | I83: 332 | J83: =YEAR(B83) -> 2016 | M83: 42334
A84: TPHW2016 | B84: 42535 | C84: 2016 | E84: Te Puke | F84: 114.6 | G84: =F84 -> 114.6 | H84: EndFlowering | I84: 332 | J84: =YEAR(B84) -> 2016 | M84: 42336
A85: TPHW2017 | B85: 42752 | C85: 2017 | E85: Te Puke | F85: 64.3 | G85: =F85 -> 64.3 | I85: 329 | J85: =YEAR(B85) -> 2017 | M85: 42698
A86: TPHW2017 | B86: 42752 | C86: 2017 | E86: Te Puke | F86: 54.6 | G86: =F86 -> 54.6 | I86: 329 | J86: =YEAR(B86) -> 2017 | M86: 42708
A87: TPHW2017 | B87: 42787 | C87: 2017 | E87: Te Puke | F87: 86 | G87: =F87 -> 86 | I87: 329 | J87: =YEAR(B87) -> 2017 | M87: 42692
A88: TPHW2017 | B88: 42787 | C88: 2017 | E88: Te Puke | F88: 82.6 | G88: =F88 -> 82.6 | I88: 329 | J88: =YEAR(B88) -> 2017 | M88: 42696
A89: TPHW2017 | B89: 42801 | C89: 2017 | E89: Te Puke | F89: 96.5 | G89: =F89 -> 96.5 | I89: 329 | J89: =YEAR(B89) -> 2017 | M89: 42693
A90: TPHW2017 | B90: 42801 | C90: 2017 | E90: Te Puke | F90: 88.4 | G90: =F90 -> 88.4 | I90: 329 | J90: =YEAR(B90) -> 2017 | M90: 42701
A91: TPHW2017 | B91: 42815 | C91: 2017 | E91: Te Puke | F91: 102.8 | G91: =F91 -> 102.8 | I91: 329 | J91: =YEAR(B91) -> 2017 | M91: 42693
A92: TPHW2017 | B92: 42815 | C92: 2017 | E92: Te Puke | F92: 93.6 | G92: =F92 -> 93.6 | I92: 329 | J92: =YEAR(B92) -> 2017 | M92: 42698
A93: TPHW2017 | B93: 42829 | C93: 2017 | E93: Te Puke | F93: 117.4 | G93: =F93 -> 117.4 | I93: 329 | J93: =YEAR(B93) -> 2017 | M93: 42708
A94: TPHW2017 | B94: 42829 | C94: 2017 | E94: Te Puke | F94: 103.2 | G94: =F94 -> 103.2 | I94: 329 | J94: =YEAR(B94) -> 2017 | M94: 42693
A95: TPHW2017 | B95: 42839 | C95: 2017 | E95: Te Puke | F95: 114.5 | G95: =F95 -> 114.5 | I95: 329 | J95: =YEAR(B95) -> 2017 | M95: 42692
A96: TPHW2017 | B96: 42839 | C96: 2017 | E96: Te Puke | F96: 108.9 | G96: =F96 -> 108.9 | I96: 329 | J96: =YEAR(B96) -> 2017 | M96: 42696
... A109: TPHW2017 | B109: 42907 | C109: 2017 | E109: Te Puke | F109: 115.9 | G109: =F109 -> 115.9 | I109: 329 | J109: =YEAR(B109) -> 2017 | M109: 42692
A110: TPHW2017 | B110: 42907 | C110: 2017 | E110: Te Puke | F110: 117.7 | G110: =F110 -> 117.7 | H110: EndFlowering | I110: 329 | J110: =YEAR(B110) -> 2017 | M110: 42696
A111: TPHW2017 | B111: 42753 | C111: 2017 | E111: Te Puke | F111: 63.8 | G111: =F111 -> 63.8 | I111: 328 | J111: =YEAR(B111) -> 2017 | M111: 42693
A112: TPHW2017 | B112: 42789 | C112: 2017 | E112: Te Puke | F112: 92.9 | G112: =F112 -> 92.9 | I112: 328 | J112: =YEAR(B112) -> 2017 | M112: 42701
A113: TPHW2017 | B113: 42804 | C113: 2017 | E113: Te Puke | F113: 102.8 | G113: =F113 -> 102.8 | I113: 328 | J113: =YEAR(B113) -> 2017 | M113: 42698
A114: TPHW2017 | B114: 42817 | C114: 2017 | E114: Te Puke | F114: 112.2 | G114: =F114 -> 112.2 | I114: 328 | J114: =YEAR(B114) -> 2017 | M114: 42708
A115: TPHW2017 | B115: 42832 | C115: 2017 | E115: Te Puke | F115: 123.8 | G115: =F115 -> 123.8 | I115: 328 | J115: =YEAR(B115) -> 2017 | M115: 42693
A116: TPHW2017 | B116: 42838 | C116: 2017 | E116: Te Puke | F116: 125.9 | G116: =F116 -> 125.9 | I116: 328 | J116: =YEAR(B116) -> 2017 | M116: 42692
A117: TPHW2017 | B117: 42845 | C117: 2017 | E117: Te Puke | F117: 129.1 | G117: =F117 -> 129.1 | I117: 328 | J117: =YEAR(B117) -> 2017 | M117: 42696
A118: TPHW2017 | B118: 42853 | C118: 2017 | E118: Te Puke | F118: 132.1 | G118: =F118 -> 132.1 | I118: 328 | J118: =YEAR(B118) -> 2017 | M118: 42693
A119: TPHW2017 | B119: 42859 | C119: 2017 | E119: Te Puke | F119: 131.9 | G119: =F119 -> 131.9 | I119: 328 | J119: =YEAR(B119) -> 2017 | M119: 42701
A120: TPHW2017 | B120: 42873 | C120: 2017 | E120: Te Puke | F120: 134.6 | G120: =F120 -> 134.6 | I120: 328 | J120: =YEAR(B120) -> 2017 | M120: 42693
A121: TPHW2017 | B121: 42887 | C121: 2017 | E121: Te Puke | F121: 134.8 | G121: =F121 -> 134.8 | I121: 328 | J121: =YEAR(B121) -> 2017 | M121: 42692
A122: TPHW2017 | B122: 42894 | C122: 2017 | E122: Te Puke | F122: 130.9 | G122: =F122 -> 130.9 | I122: 328 | J122: =YEAR(B122) -> 2017 | M122: 42696
A123: TPHW2017 | B123: 42908 | C123: 2017 | E123: Te Puke | F123: 127.7 | G123: =F123 -> 127.7 | H123: EndFlowering | I123: 328 | J123: =YEAR(B123) -> 2017 | M123: 42693
A124: TPHW2017 | B124: 42753 | C124: 2017 | E124: Te Puke | F124: 63.7 | G124: =F124 -> 63.7 | I124: 330 | J124: =YEAR(B124) -> 2017 | M124: 42701
A125: TPHW2017 | B125: 42753 | C125: 2017 | E125: Te Puke | F125: 64.7 | G125: =F125 -> 64.7 | I125: 330 | J125: =YEAR(B125) -> 2017 | M125: 42698
A126: TPHW2017 | B126: 42753 | C126: 2017 | E126: Te Puke | F126: 67.1 | G126: =F126 -> 67.1 | I126: 330 | J126: =YEAR(B126) -> 2017 | M126: 42708
A127: TPHW2017 | B127: 42753 | C127: 2017 | E127: Te Puke | F127: 70.2 | G127: =F127 -> 70.2 | I127: 330 | J127: =YEAR(B127) -> 2017 | M127: 42698
A128: TPHW2017 | B128: 42788 | C128: 2017 | E128: Te Puke | F128: 93.9 | G128: =F128 -> 93.9 | I128: 330 | J128: =YEAR(B128) -> 2017 | M128: 42708
A129: TPHW2017 | B129: 42789 | C129: 2017 | E129: Te Puke | F129: 84.1 | G129: =F129 -> 84.1 | I129: 330 | J129: =YEAR(B129) -> 2017 | M129: 42693
A130: TPHW2017 | B130: 42789 | C130: 2017 | E130: Te Puke | F130: 96 | G130: =F130 -> 96 | I130: 330 | J130: =YEAR(B130) -> 2017 | M130: 42692
A131: TPHW2017 | B131: 42789 | C131: 2017 | E131: Te Puke | F131: 85.8 | G131: =F131 -> 85.8 | I131: 330 | J131: =YEAR(B131) -> 2017 | M131: 42696
A132: TPHW2017 | B132: 42803 | C132: 2017 | E132: Te Puke | F132: 107.9 | G132: =F132 -> 107.9 | I132: 330 | J132: =YEAR(B132) -> 2017 | M132: 42693
A133: TPHW2017 | B133: 42803 | C133: 2017 | E133: Te Puke | F133: 102.9 | G133: =F133 -> 102.9 | I133: 330 | J133: =YEAR(B133) -> 2017 | M133: 42701
A134: TPHW2017 | B134: 42804 | C134: 2017 | E134: Te Puke | F134: 94.6 | G134: =F134 -> 94.6 | I134: 330 | J134: =YEAR(B134) -> 2017 | M134: 42708
A135: TPHW2017 | B135: 42804 | C135: 2017 | E135: Te Puke | F135: 98.9 | G135: =F135 -> 98.9 | I135: 330 | J135: =YEAR(B135) -> 2017 | M135: 42698
... A172: TPHW2017 | B172: 42907 | C172: 2017 | E172: Te Puke | F172: 121.7 | G172: =F172 -> 121.7 | I172: 330 | J172: =YEAR(B172) -> 2017 | M172: 42701
A173: TPHW2017 | B173: 42908 | C173: 2017 | E173: Te Puke | F173: 130.1 | G173: =F173 -> 130.1 | H173: EndFlowering | I173: 330 | J173: =YEAR(B173) -> 2017 | M173: 42693
A174: TPHW2018 | B174: 43116 | C174: 2018 | E174: Te Puke | F174: 62.4 | G174: =F174 -> 62.4 | I174: 331 | J174: =YEAR(B174) -> 2018 | M174: 43065
A175: TPHW2018 | B175: 43116 | C175: 2018 | E175: Te Puke | F175: 57.1 | G175: =F175 -> 57.1 | I175: 331 | J175: =YEAR(B175) -> 2018 | M175: 43060
A176: TPHW2018 | B176: 43151 | C176: 2018 | E176: Te Puke | F176: 82.1 | G176: =F176 -> 82.1 | I176: 331 | J176: =YEAR(B176) -> 2018 | M176: 43065
A177: TPHW2018 | B177: 43151 | C177: 2018 | E177: Te Puke | F177: 79.7 | G177: =F177 -> 79.7 | I177: 331 | J177: =YEAR(B177) -> 2018 | M177: 43061
A178: TPHW2018 | B178: 43165 | C178: 2018 | E178: Te Puke | F178: 89.9 | G178: =F178 -> 89.9 | I178: 331 | J178: =YEAR(B178) -> 2018 | M178: 43070
A179: TPHW2018 | B179: 43165 | C179: 2018 | E179: Te Puke | F179: 87.6 | G179: =F179 -> 87.6 | I179: 331 | J179: =YEAR(B179) -> 2018 | M179: 43064
A180: TPHW2018 | B180: 43179 | C180: 2018 | E180: Te Puke | F180: 93.2 | G180: =F180 -> 93.2 | I180: 331 | J180: =YEAR(B180) -> 2018 | M180: 43068
A181: TPHW2018 | B181: 43179 | C181: 2018 | E181: Te Puke | F181: 90.1 | G181: =F181 -> 90.1 | I181: 331 | J181: =YEAR(B181) -> 2018 | M181: 43065
A182: TPHW2018 | B182: 43195 | C182: 2018 | E182: Te Puke | F182: 102.3 | G182: =F182 -> 102.3 | I182: 331 | J182: =YEAR(B182) -> 2018 | M182: 43060
A183: TPHW2018 | B183: 43195 | C183: 2018 | E183: Te Puke | F183: 98.2 | G183: =F183 -> 98.2 | I183: 331 | J183: =YEAR(B183) -> 2018 | M183: 43065
A184: TPHW2018 | B184: 43201 | C184: 2018 | E184: Te Puke | F184: 105.5 | G184: =F184 -> 105.5 | I184: 331 | J184: =YEAR(B184) -> 2018 | M184: 43061
A185: TPHW2018 | B185: 43201 | C185: 2018 | E185: Te Puke | F185: 98.8 | G185: =F185 -> 98.8 | I185: 331 | J185: =YEAR(B185) -> 2018 | M185: 43070
... A194: TPHW2018 | B194: 43249 | C194: 2018 | E194: Te Puke | F194: 114.4 | G194: =F194 -> 114.4 | I194: 331 | J194: =YEAR(B194) -> 2018 | M194: 43068
A195: TPHW2018 | B195: 43249 | C195: 2018 | E195: Te Puke | F195: 105.5 | G195: =F195 -> 105.5 | H195: EndFlowering | I195: 331 | J195: =YEAR(B195) -> 2018 | M195: 43065
A196: TPHW2018 | B196: 43116 | C196: 2018 | E196: Te Puke | F196: 61.5 | G196: =F196 -> 61.5 | I196: 330 | J196: =YEAR(B196) -> 2018 | M196: 43060
A197: TPHW2018 | B197: 43151 | C197: 2018 | E197: Te Puke | F197: 82.5 | G197: =F197 -> 82.5 | I197: 330 | J197: =YEAR(B197) -> 2018 | M197: 43065
A198: TPHW2018 | B198: 43165 | C198: 2018 | E198: Te Puke | F198: 93.7 | G198: =F198 -> 93.7 | I198: 330 | J198: =YEAR(B198) -> 2018 | M198: 43061
A199: TPHW2018 | B199: 43179 | C199: 2018 | E199: Te Puke | F199: 95.8 | G199: =F199 -> 95.8 | I199: 330 | J199: =YEAR(B199) -> 2018 | M199: 43070
...

Sheet Calculations
A1: SimulationName | B1: Maturity date | C1: Maturity DOY | D1: MatureFW | E1: MatureDW | F1: MatureDMC
A2: TPHW2016 | B2: 42491 | C2: =B2-DATE(YEAR(B2),1,0) -> 122 | D2: =27.417*LN(C2)-21.056 -> 110.65584 | E2: =7.5203*LN(C2) - 18.204 -> 17.923679 | F2: =4.5311*LN(C2) - 5.5574 -> 16.2101
A3: TPHW2017 | B3: 42856 | C3: =B3-DATE(YEAR(B3),1,0) -> 121 | D3: =29.81*LN(C3)-23.18 -> 119.78252 | E3: =8.0727*LN(C3) - 18.996 -> 19.718978 | F3: =4.2989*LN(C3) - 4.1826 -> 16.434024
A4: TPHW2018 | B4: 43221 | C4: =B4-DATE(YEAR(B4),1,0) -> 121 | D4: =24.59*LN(C4)-8.78 -> 109.14849 | E4: =7.3045*LN(C4) - 16.868 -> 18.162852 | F4: =4.717*LN(C4) - 5.8565 -> 16.765244
A5: TPHW2019 | B5: 43586 | C5: =B5-DATE(YEAR(B5),1,0) -> 121 | D5: =22.45*LN(C5)-4.7 -> 102.9655 | E5: =6.5159*LN(C5) - 13.701 -> 17.547892 | F5: =4.4925*LN(C5) - 4.2394 -> 17.305689
A6: TPHW2020 | B6: 43952 | C6: =B6-DATE(YEAR(B6),1,0) -> 122 | D6: =23.529*LN(C6) - 7.8187 -> 105.21511 | E6: =7.8195*LN(C6) - 18.793 -> 18.772043 | F6: =5.2134*LN(C6) - 7.0613 -> 17.983983
A7: TPHW2021 | B7: 44317 | C7: =B7-DATE(YEAR(B7),1,0) -> 121 | D7: =28.894*LN(C7) - 33.413 -> 105.15657 | E7: =8.7529*LN(C7) - 23.525 -> 18.452075 | F7: =5.2782*LN(C7) - 7.6739 -> 17.639242
A8: TPHW2022 | B8: 44682 | C8: =B8-DATE(YEAR(B8),1,0) -> 121 | D8: =35.269*LN(C8) - 48.839 -> 120.30374 | E8: =9.8786*LN(C8) - 27.385 -> 19.990696 | F8: =4.7126*LN(C8) - 5.9565 -> 16.644143
A9: TPHW2023 | B9: 45047 | C9: =B9-DATE(YEAR(B9),1,0) -> 121 | D9: =33.147*LN(C9) - 43.652 -> 115.31407 | E9: =9.2757*LN(C9) - 24.904 -> 19.580314 | F9: =4.7697*LN(C9) - 5.9803 -> 16.894182
A10: TPHW2024 | B10: 45413 | C10: =B10-DATE(YEAR(B10),1,0) -> 122 | D10: =23.659*LN(C10) - 15.267 -> 98.391334 | E10: =7.2391*LN(C10) - 18.129 -> 16.647789 | F10: =4.803*LN(C10) - 6.1369 -> 16.936813
A11: KKHW2020 | B11: 43952 | C11: =B11-DATE(YEAR(B11),1,0) -> 122 | D11: =29.249*LN(C11) - 29.474 -> 111.03881 | E11: =7.0115*LN(C11) - 14.752 -> 18.931394 | F11: =3.2847*LN(C11) + 1.4713 -> 17.251068
A12: KKHW2021 | B12: 44317 | C12: =B12-DATE(YEAR(B12),1,0) -> 121 | D12: =28.918*LN(C12) - 30.791 -> 107.89367 | E12: =7.6256*LN(C12) - 18.693 -> 17.87778 | F12: =3.9123*LN(C12) - 2.1343 -> 16.628271
A13: KKHW2022 | B13: 44682 | C13: =B13-DATE(YEAR(B13),1,0) -> 121 | D13: =37.134*LN(C13) - 67.128 -> 110.95889 | E13: =10.575*LN(C13) - 31.244 -> 19.471485 | F13: =5.4035*LN(C13) - 8.3163 -> 17.597754
A14: KKHW2023 | B14: 45047 | C14: =B14-DATE(YEAR(B14),1,0) -> 121 | D14: =31.85*LN(C14) - 28.15 -> 124.59593 | E14: =10.179*LN(C14) - 25.831 -> 22.985352 | F14: =5.2677*LN(C14) - 6.7698 -> 18.492986
A15: KKHW2024 | B15: 45413 | C15: =B15-DATE(YEAR(B15),1,0) -> 122 | D15: =19.88*LN(C15) + 6.1182 -> 101.62214 | E15: =6.5366*LN(C15) - 13.658 -> 17.743964 | F15: =4.2061*LN(C15) - 2.6869 -> 17.519293
A16: AKLDHW2020 | B16: 43952 | C16: =B16-DATE(YEAR(B16),1,0) -> 122 | D16: =27.791*LN(C16) - 21.427 -> 112.08155 | E16: =8.6223*LN(C16) - 21.009 -> 20.412711 | F16: =4.815*LN(C16) - 4.8836 -> 18.247761
A17: AKLDHW2021 | B17: 44317 | C17: =B17-DATE(YEAR(B17),1,0) -> 121 | D17: =24.472*LN(C17) - 10.113 -> 107.24959 | E17: =8.1134*LN(C17) - 18.723 -> 20.187167 | F17: =4.6819*LN(C17) - 3.5369 -> 18.916512
A18: AKLDHW2022 | B18: 44682 | C18: =B18-DATE(YEAR(B18),1,0) -> 121 | D18: =32.51*LN(C18) - 42.554 -> 113.35715 | E18: =10.27*LN(C18) - 27.358 -> 21.894769 | F18: =5.129*LN(C18) - 5.2481 -> 19.34951
A19: AKLDHW2023 | B19: 45047 | C19: =B19-DATE(YEAR(B19),1,0) -> 121 | D19: =28.494*LN(C19) - 20.737 -> 115.91426 | E19: =8.0217*LN(C19) - 18.98 -> 19.490393 | F19: =4.0582*LN(C19) - 2.5446 -> 16.917677
A20: AKLDHW2024 | B20: 45413 | C20: =B20-DATE(YEAR(B20),1,0) -> 122 | D20: =25.329*LN(C20) - 18.082 -> 103.59905 | E20: =7.4099*LN(C20) - 18.019 -> 17.578316 | F20: =4.544*LN(C20) - 4.75 -> 17.079472
